id_Questionaire,id,yearOfBirth,mainOccupation,otherOccupation1,otherOccupation2,otherOccupationNote,ageBeganWorkingFullTime,incomeTotalMonthly,incomeYearlyCrops,incomeMonthlyRentsInvestments,incomeMonthlyPension,remittance,incomeMonthlyRemittance
CE0EF415-3E1A-F34B-945A-A816586E9985,00109542-9FE1-BB4F-8D2C-833D8EBA7C21,1983,23,,,-,19,15000,0,0,0,No,0
819A1C39-8FE1-D748-8A57-883ED3748B69,002A273D-A22B-064A-AE4D-F399E86EA993,1956,11,0,0,-,50,0,0,0,6000,Yes,4000
CFA0BF5A-5AAB-3D40-BF75-056F7BB8F1A3,00A8EBB0-DD6C-2E4E-96C7-20D48D827CE9,1943,0,0,0,-,0,0,0,0,0,Yes,10000
0202845C-7E38-0543-B03D-3E80217C7E15,01298E2F-FE22-A041-9D49-7D45C833117A,1982,23,0,0,-,30,10000,0,0,0,No,0
61662702-B745-3047-8FDC-AF51C6AC5F46,0183812E-B551-AA42-A2BC-999FA27CC898,1944,0,0,0,-,60,0,0,0,0,Yes,25000
3FA91B41-7927-AC4B-9CD6-6F8174910E42,01A351A8-9B2F-4244-A538-F98A9784A5DB,1958,4,2,0,-,20,5000,0,0,0,Yes,2000
E13F7774-F6CE-EA45-AEBF-97285C9E8313,029EE2FC-9307-5E4C-81EF-7EF9CB137F5D,1948,0,0,0,,0,0,0,0,9000,Yes,10000
D093FE5A-CF3D-9745-9CF5-8198A18CEAA7,02F61629-0390-A84B-9EE0-93ABA387DEB3,1971,4,2,,-,17,8000,0,0,0,No,0
B606AAB6-DBDA-7749-B094-4431C063F70E,03001477-94B9-A046-B731-7994382DCB82,1974,10,0,0,,33,15000,42000,0,0,No,0
BB804A9D-3108-4745-8AB1-3852F3A808F8,0309C519-8B21-694F-8150-A00BF9343466,1963,1,0,0,,17,3000,0,0,0,Yes,6000
7530E028-1685-A045-A78A-AF2F7F2090AB,033F3AD9-DBFB-8940-A678-84C5F67953D3,1959,1,,,-,30,5500,0,0,0,Yes,7000
F797DF65-FDCB-964A-A192-FC816859140E,036C664C-1B26-D841-8D02-60B3DD3F0876,1959,9,2,,-,20,16000,10000,0,0,Yes,10000
A194A065-0F32-E74D-BC0C-867060F8218B,04BC48BC-16B6-6B49-A1C7-618016105A9A,1942,0,0,0,-,65,0,0,0,0,Yes,25000
4C9DEF87-1C2C-C349-BFEE-75BEAAD86633,04C27501-83BC-4A4B-9D96-A7FC91E1CB4F,1944,1,0,0,-,45,7000,0,0,500,Yes,1000
4F442D32-1E66-6848-8860-DE97F77F7464,04E8D9F5-EFB6-7A45-AA32-A7027C215DB6,1975,1,0,0,-,33,12000,0,0,0,No,0
1EA9CAAE-D4BA-B841-857F-66BA26798694,06763623-9C41-FE4F-863D-876753A8C8CA,1957,10,1,0,-,54,10000,20000,0,0,Yes,15000
515335B1-6A91-4D40-8130-485CE5BF7B4B,06F92E1B-6ED7-5E45-87F7-043C1B2B587C,1955,1,0,0,-,19,0,30000,0,0,Yes,15000
7A4300E3-9587-D74F-AE08-FB432D401283,06FEEFA1-043D-154F-93DF-A2B12DCA9B07,1965,1,4,0,-,16,10500,8000,0,0,Yes,5000
294312E3-F688-5541-8FC1-3AA4B59D5214,07EF78F3-23D8-D341-BD11-5CBAE8E4A1DC,1963,4,2,5,-,15,6000,0,0,0,No,0
A365F09C-487D-254E-84A8-F27DF23CF964,08257ABF-E20B-6D4D-B6D0-FD3980535481,1959,1,9,,-,20,10000,15000,0,0,Yes,10000
A0227361-3EBB-D841-B6D1-A5C92B32C1BC,083D9910-A09B-0941-AA1A-43553F67B5B7,1969,10,,,-,20,10000,0,0,400,No,0
FC17C894-E438-674F-B7CC-B8DF27EC3F73,0844F908-55FC-F046-858B-71DAFBCFBDCF,1988,4,2,0,-,15,8000,20000,0,0,No,0
5012529F-6287-3D48-B279-53ED1A6D5231,0870FAFD-0860-E743-A91E-8AA975364CF4,1956,1,0,0,-,14,8000,15000,0,0,Yes,5000
654B02E4-A8B3-BD43-8926-C6270BF09C45,087DA746-F7E1-F448-9810-DE54B9790CEF,1974,23,2,9,-,32,20000,20000,0,0,No,0
5C2C860D-1DF2-DE44-9E1D-370415B70FB8,0967170A-8133-7C4C-8341-E382693D56F7,1942,0,0,0,-,65,0,0,0,0,Yes,20000
503D20E9-8D6F-C54F-AEC9-4301CC297706,098E7DE9-212C-7A42-AE80-4B4729327610,1964,1,,,-,20,7000,10000,0,0,Yes,10000
9B9D7A9F-F3B8-2248-A372-148A7C28EE48,0A09C3EC-282E-7144-BF8F-7B6FDB2BAA09,1958,9,0,0,-,40,5000,0,0,0,Yes,10000
E23BAE68-3D83-634B-A3F9-70F664BE5DAE,0B0DA22D-5680-5143-ADA4-AB0622E08156,1961,9,0,0,-,25,10000,0,0,0,No,0
FDDF9CA0-A01C-EB46-B8EF-1ADB96565354,0B635AD0-7FC4-DD4C-B12B-8659A2B20314,1968,10,1,9,-,30,8000,16000,0,0,No,0
5E9BF869-11C7-024C-A063-2E0C0C2DAE4D,0B8FD7D9-95FA-6340-B53A-11D6C1AB7D4E,1958,1,16,6,-,10,15000,50000,8000,0,No,0
AEDAD4C3-8385-E646-9C8E-19FA38C0E6D3,0C9561D3-E0CE-F546-A645-6563DBEA0D72,1964,5,0,0,-,18,20000,0,0,0,No,0
4EF9E929-21D5-0645-B389-EB6A65106A47,0DA3A697-7FC1-844C-9980-A4AE76753522,1958,10,0,0,-,20,15000,0,0,0,No,0
20FDCB9F-815F-354D-B82D-562AF8A5D5FC,0E0AC1D7-4280-AE49-B2E3-6BCB53E30416,1951,0,0,0,-,60,0,0,0,0,Yes,5000
F0CFCB1A-5809-EB4D-A6BC-63EDE572156E,0E19FB1C-92FB-F041-8920-A7FCD10F80BD,1965,9,,,-,25,22000,0,0,0,No,0
C1D66FB4-90AB-3E4C-9EBD-6D28C43C2BB5,0F3A7136-C5E0-5143-A1B8-5B36BDAD7B87,1956,10,0,0,-,25,50000,0,0,0,Yes,10000
330EDA94-D2A0-E944-BDDE-5A3C68BC82EE,0F7C3B9B-1427-784C-8028-5229E9E1CE8F,1948,0,0,0,-,60,0,0,0,0,Yes,10000
D457042E-CB27-434E-A75B-9282EA3EE35E,0F8EA1A2-57FB-D94B-B0EA-14C476DCE284,1986,2,4,,-,14,15000,7000,0,0,No,0
44CE3AC7-7F54-1746-B785-15B6E3C3FE3A,11520D3A-C919-6345-BD94-8B7A69B65548,1984,10,0,0,,24,30000,0,1500,0,No,0
BE6E7EA0-EF8D-3F4D-B6A7-2EA2D2B99250,115B19B0-BFF8-4441-A98E-8176370C88DD,1977,1,12,0,,14,8000,0,0,0,No,0
C8AC206B-6CF8-B14F-BCA5-4A05345B4298,11678310-1C6F-D446-8F62-3FFBD0E366A4,1940,0,0,0,-,0,0,0,0,0,Yes,20000
584958AD-D57A-5846-A8D0-C47FA16D1D7C,11C4D9B0-81EC-FD43-A073-79F936C445ED,1968,10,16,0,,25,40000,0,12000,0,No,0
096A33E1-1B78-0949-AF80-712D443FBC44,11F176C7-BB35-5041-9F40-D776A62353E7,1967,9,0,0,-,44,20000,0,0,0,No,0
61F59CD7-AB2E-7C41-BF2A-E28F35E23200,12BA289A-CAF3-DB46-A84E-D64500DB1CC0,1970,4,0,0,-,13,9000,0,0,0,No,0
846CB4BC-3250-7A41-A5BD-F337D3174A85,1406F8E3-71C7-D040-97B1-BD2147FD6949,1965,10,1,0,,25,45000,0,0,0,No,0
A4C56846-0ABC-B54A-836B-39F24561474D,14B88AB4-A7C3-9C4A-882A-D0D6C3FE8B90,1980,10,0,0,-,16,30000,0,0,0,Yes,10000
E0CCAAB8-27C2-DA4C-88E1-FD46D1E81F99,15029E5F-DE8C-B94A-B23F-33A8297F16E9,1976,12,2,0,,18,12000,25000,0,0,No,0
015D90CB-26FF-A74B-8727-25D9D046530A,151F219C-9081-6645-B935-56467EE72D8D,1961,10,2,0,-,25,8000,0,0,0,Yes,2000
C08E012D-5A97-6F42-9785-BD6F66A9E749,157364C4-91C6-4642-A491-54A50E2051A5,1962,9,0,0,,17,40000,0,7000,0,No,0
9145E251-3F45-2E4B-A3A0-236ECB28162E,158C57C3-6A80-604A-B17B-6D9DAE414915,1977,1,4,,-,15,10000,30000,0,500,No,0
C11A5502-0408-8D47-8361-1815758753A7,15FBA068-0F88-3D4E-89BB-EDEB0E61665D,1978,13,0,0,-,22,40000,0,0,0,No,0
AF222C9E-D0F0-904C-BDE6-4C3238ABC39C,162C4639-D9F3-3648-A77B-D4444F8B9109,1975,10,0,0,-,43,10000,0,3000,0,No,0
3AD64342-6FCC-BC48-AFA4-4EB35D69697D,16C36908-ACE0-D843-9809-B4898E1BA57C,1959,10,0,0,,44,10000,0,0,0,No,0
25FBBF35-0EA6-6947-9EE0-443B3342FD2F,18C7CB62-33BC-1640-905C-147B378E4BED,1978,2,0,0,-,29,7000,0,0,0,No,0
B5B06107-4827-1442-968B-AE9C102C707D,19221634-F427-694E-AAA7-FF132FC2A28F,1956,23,0,0,-,15,9000,0,0,0,Yes,5000
5BAC37F1-2EFC-704B-A12F-3908619D1361,19469D68-6D93-0344-B884-1C206CAD3133,1942,0,0,0,-,65,0,0,0,0,Yes,3000
3B8E3412-0E4D-BA41-A511-2E8BCC916E48,19A0BE87-C9C6-E345-95FE-1A600076DE43,1970,9,,,-,28,30000,0,0,0,No,0
D448B158-E6B1-7048-8B64-FDEF113FAA5B,19B195E6-9B9E-824C-B6A8-A009BD449343,1954,9,2,,-,40,6000,5000,0,0,Yes,1000
5CDCA2F7-D601-B44B-A817-54CAE72DE37E,19C23D4C-10D5-3641-B1E3-E0BE2A99CF49,1957,2,5,0,-,15,2000,0,0,0,No,0
5ED685F9-BD37-4944-B8CC-6E86D177EF0A,1A8FEA0F-E63F-D244-849E-33DA298EFDA1,1965,10,0,0,-,20,5000,0,0,4000,No,0
F90C7805-1D9F-0349-8511-35F83EFC2D74,1C57BB04-4D6C-1848-A761-6A2B622AFA5C,1975,9,0,0,-,20,10000,0,0,0,Yes,6000
83F9CD69-A053-FF42-A881-61277B565DA1,1C6EE103-7C3B-AD44-A20E-C05CEA75AAB9,1947,0,0,0,-,58,0,0,0,0,Yes,9000
31A8B242-5199-4940-93AC-EAB828A88913,1C87D07C-FE5A-DC4A-B8C5-7C041E24425C,1958,0,0,0,,56,0,0,0,500,Yes,6000
21407310-D259-6049-A7D2-1A3813781EC0,1C94D2F6-27A2-3744-A199-7FB90E55B708,1982,12,0,0,-,19,0,0,0,0,No,0
B5601808-E488-B84B-9603-755307DF2286,1D19912F-18A2-0E42-957A-D88CA08AD048,1983,2,4,0,-,21,10000,0,0,500,Yes,10000
252B106E-B34F-4D4D-87DD-F74F84A589E8,1D8C038A-DF45-8C46-B514-F5C02777FA72,1969,9,1,,-,18,10000,0,0,0,Yes,5000
B150E860-5793-FD4D-8E46-96B139778DDD,1E0A7F10-034A-BC43-AD70-2A77F5714198,1975,10,21,0,,34,25000,36000,0,300,No,
2E6E9595-9DF0-D045-B955-608AEE70FBE0,1E38DE7B-D3C8-D542-84E4-F5F8E62A4C36,1976,9,0,0,,24,500000,0,0,0,No,0
FEB00500-DF82-1144-A1AA-456B65EC9B48,1E98390E-3ADF-DE42-AF89-D44C1B3AFCCE,1962,1,4,0,,40,12000,0,0,0,No,0
13B909FB-5979-7143-81EE-93E87546051B,1EF6A08E-91C8-9546-877B-1B08A8AA430B,1962,23,1,0,-,40,10000,0,0,0,Yes,3000
1515B71E-DEED-324B-8DA6-A7CFC782FA68,1F26B446-90BC-7445-8EA8-1FD5E6215923,1965,2,1,0,-,21,8000,0,1000,0,No,0
462FD028-4FD2-974A-BFF4-65C0A1705F6F,1F9915F6-30B3-B34D-9387-E8C1F2797090,1961,10,0,0,-,20,20000,0,0,0,No,0
C115136C-EDDD-034D-9ABE-30173798E765,205136C2-A751-F843-8B21-8B9244424C0A,1945,9,2,0,-,15,7000,0,0,0,Yes,6000
FBB7CA27-AE4F-2C4C-8319-3E5B43CAAD6C,20EA208F-0432-E441-8181-7D0F8D1ECC9B,1945,9,1,,-,12,5000,0,0,0,Yes,4000
2E11B08E-5BF2-5848-AB76-3A748724F806,20EA9AE4-FDC5-0949-9000-C2F4509C14D7,1979,2,,,-,38,10000,0,0,0,No,0
E2B1B41A-ED26-1B4F-9C69-76DFEAA32429,2106AB1B-BBDF-5E45-BB01-C3906BAB30D6,1949,1,0,0,-,62,10000,0,0,0,Yes,7000
BAB7DB76-A615-F24C-AB8A-FAA682BEBD59,22001004-9B14-7745-844D-3994110E606B,1953,0,,0,-,60,0,0,0,0,Yes,10000
77DD77E8-CDB7-C848-8958-5C636EE9CB07,2204893F-F82D-1249-B10E-E9FE59F3DBA1,1948,0,0,0,,0,0,0,0,0,Yes,4000
7A4BFA15-6FD2-374E-B08B-71D2FCEF6CD3,2275EE80-C791-F44F-83EC-F80654F9F189,1944,0,0,0,-,62,0,0,0,0,Yes,15000
C953FF28-4AD0-9D49-B3EF-D35A88DCC536,229BC4CA-4463-0249-98E1-F21DED03FE9C,1970,9,12,1,-,30,8000,3000,0,0,No,0
AC1A8E24-B879-BE4F-B216-271F33D91DD0,23237EEF-CFB0-2349-B6B3-3A06564FC982,1965,1,4,0,-,38,25000,10000,0,0,Yes,25000
3CD3BD61-6B62-2148-ACDB-C0D6132195EF,2613D8C1-4655-A44A-99A0-21E26CF9E88B,1962,4,0,0,,18,11000,0,0,0,Yes,2000
1B3FEE8E-0082-E044-AE10-17536F5F5D06,269F6612-79A3-2C4E-9380-5D665AA490A1,1953,1,,,-,60,3000,0,0,9000,No,0
24A4E866-2982-1447-A44F-C74FE410EF33,26E620E0-6B91-1E46-9AD4-C55A11CC990D,1960,1,4,9,-,36,20000,6500,0,700,Yes,2000
A47A441A-899B-6849-AE28-80A1B3701228,27960D9C-1D40-5248-999A-79AED4075860,1984,2,4,0,-,20,7000,0,0,0,No,0
C9665A59-5115-8748-91D3-0FF9C1F743B8,27BAF034-6244-8B4C-9E25-4B7B87EAE94F,1957,1,4,,-,30,6500,10000,0,0,No,0
591099AD-BB15-674A-8DB8-65B74C138F1D,27E033FD-7363-B844-B3AA-952DDB71F293,1984,21,0,0,,26,30000,0,0,0,No,0
FB28D849-24A2-E74A-97E2-6212F7F30947,28A0FDB4-66F6-C846-B002-18DCCAC02CE1,1950,4,0,0,,33,15000,0,0,0,No,0
FF87020F-7B1C-EE4D-8A25-26E937567A63,2A2A7A8C-1113-E347-8C1D-5533294343DE,1963,12,2,,-,22,10000,10000,0,0,No,0
D3909AF4-9985-504D-9C43-3C07E568ABB2,2A590610-B031-8845-9DF0-50D12910BE5B,1947,0,,,-,67,0,0,0,10000,No,0
65E7809D-FD04-3A49-830F-A7612C9CEA71,2AC41B4D-65D1-D348-8C6D-CF22DDFCCFB1,1953,4,0,0,-,58,20000,7000,0,0,No,0
F6CF1C75-AD59-C44E-B6C9-1FD162AC9444,2BD7CC67-8BF2-C54A-AD42-8EAFE3C01A07,1945,9,,,-,53,10000,0,0,500,Yes,4000
B623DA51-9102-EB48-8490-FBAAD94B6398,2D107859-39A9-C340-84D5-C146A4D7E082,1940,0,9,,-,58,20000,0,0,500,Yes,10000
2EE81FD9-39D7-D44F-BFFE-D68CA3AC755C,2D4E911C-BC30-EA44-B526-A0F0925969E2,1967,1,4,,-,24,12000,0,0,0,No,0
8A198893-4B82-584E-8DDD-04C39AC9B863,2D631995-1564-8F4A-A1A9-07C86D814C7D,1963,,0,0,-,54,0,0,0,0,Yes,12000
1C1D55CC-B526-9047-97AA-0C588D7CE738,2FB75A7C-072B-634A-A945-A83F55845F74,1973,9,0,0,,30,15000,0,0,0,No,0
A1A50D7A-CB2C-F249-85C2-0AB79BDBEE11,3003A2CC-C573-CC49-A3EE-F32A41738548,1960,12,0,0,-,20,10000,0,0,0,Yes,5000
0EFD7288-300A-B743-A021-27B129FA7F97,305FF555-0DEB-404F-810A-E0BEA7A52573,1976,9,1,2,,28,30000,30000,0,0,No,0
E102FE9D-AE42-C543-85F4-D44C7C12928D,30ADC525-8DDD-5A4E-8A67-CD736F3EA6AF,1953,1,6,,-,32,10000,30000,0,0,No,0
35E83F91-BC14-5E4A-A889-72106375E1B1,30D18E0E-F41B-7847-BBC4-4E1DE18834E9,1983,8,0,0,-,10,10000,0,0,0,No,0
74D2AADB-13B2-9A47-B17D-1E6ADC06E528,31CA7ECB-BD9C-AE47-A885-30AE1DC37870,1954,4,0,0,-,29,9000,0,0,0,Yes,1000
F70F3F11-E958-AE40-98D3-AEEF26645F05,326DB660-9806-E74C-A4B4-C00A8A4A152B,1958,1,9,0,-,35,12000,30000,0,0,Yes,5000
8AB81382-4459-C141-B20B-BCF553DC154E,3367B9B9-1CF2-B84F-B62C-98B23C6FF4FF,1964,2,0,0,-,20,4000,0,0,0,Yes,12000
F81A2324-8B07-6E49-9AD7-F5D3BCBC3D54,337C7668-6AA8-2C42-A98D-EAD450AC6F33,1985,4,0,0,-,17,7000,0,0,0,No,0
39C0E0E4-D021-4D4E-ADB0-21762588BD15,34B20424-D16A-2F4A-B9D6-3C026F5B050D,1975,24,2,,-,35,12000,5000,0,0,Yes,1500
78FB98AB-0CF3-A840-AF73-9C4CADE1A8EA,35C1F5D9-154E-6242-974A-5A60BAC6863A,1968,4,1,0,-,29,5000,0,0,0,Yes,4000
AEDAB195-1B88-0B4C-AE71-2A2D618D222F,35D00C63-456E-8741-8A7C-FDDC264CB5E1,1973,5,4,0,-,12,30000,0,0,0,No,0
334FF2C8-A908-504A-972F-3B941E3B2C3C,35DE9B91-5F4E-EE43-BDCF-FD1C8E9224FA,1956,1,4,0,-,20,7000,0,0,0,Yes,3000
3F1F3AAB-E3F1-DF44-B270-EE462E41A31E,36481F4E-6D1F-A046-99CF-F4E5F3D0961A,1968,9,0,0,-,40,9000,0,0,0,No,0
84528AC6-8761-4246-90BF-B4C1EF534193,37DA6CDF-5FFA-464D-AF08-77182A4106B3,1955,1,,,-,57,4000,0,0,0,Yes,4000
149D74AB-9D81-0E41-97B8-0508DAB112BC,381DE347-E8E0-5249-A71C-054B914A6C9D,1963,9,0,0,-,26,15000,0,5000,0,No,0
EC549EB4-9379-BB4F-A145-9652C1F2E8AF,38A4C4CE-67BB-6B41-A465-BFCB51D31554,1971,10,9,,-,18,30000,10000,,,No,
ADAA83B6-CEFC-274B-90FC-F2BFA40DCD25,38EA1AAF-2C00-B444-9D0C-8E3D9E88270C,1962,1,0,0,-,15,1500,5000,0,0,Yes,10000
BCF0C3E4-AF73-334C-B48A-F79E4B0F020B,397EE6CD-3F41-DB40-BF1A-F298A5B28272,1950,0,0,0,-,52,0,0,0,0,Yes,7000
15E67D39-46E3-994C-BB6C-9473AA467DC4,3B0A25FA-ED00-A740-9293-CF749A311C40,1958,0,0,0,-,50,0,0,10000,0,Yes,10000
168A5CED-8435-7B4F-AF29-47466E74EC13,3B86BBB2-1FA6-8940-8F81-86301146A69A,1976,10,1,,-,31,12000,0,0,0,No,0
3B6D6C8A-EA93-3048-968F-1FE23EED4AA4,3CAC358F-62BE-164B-A736-8413AA67B11D,1953,1,0,0,-,55,0,0,0,0,No,0
7988A087-6DB1-8540-AAB5-50709CB2F6D8,3DAFC3E9-3C78-1540-81F2-41B3B4EDD1BE,1950,9,0,0,,18,20000,100000,6000,,Yes,20000
76B0168A-29D9-BD4B-8B55-36C3E7FA1D21,3DE449B3-3B72-D243-8A0F-11AF15F85283,1978,23,1,0,,17,12000,30000,0,0,No,0
2B5F16E3-01B7-4848-B2C0-6E0B9DE2F24A,3E397AD3-6EB2-7846-9900-F62EA205728C,1944,1,0,0,-,17,20000,20000,2500,0,Yes,20000
3A78E040-5F71-4746-8B06-C321B9594662,3E4CD3D5-F20A-3644-8DB2-14C1B98C4638,1970,4,0,0,-,18,7000,0,0,0,No,0
2D3D974C-0241-5143-892D-16B3F9F43122,3EDA41C8-5BE9-C044-9F4F-62CDD9F323E8,1953,0,0,0,-,60,0,0,0,0,Yes,7000
58E64183-385B-CD46-A1B1-5C9AAD354515,3F27B68B-F96A-7C43-8FB4-FA58E7176713,1968,1,6,,-,40,10000,38000,0,500,No,0
596B4AEA-776C-794D-A974-BA3DCA1219DD,3F5BFB06-B8BB-624F-97E7-944093376DBC,1959,1,,,-,51,3500,0,0,0,Yes,10000
981BF565-F4E8-174E-BCBC-817895A3F533,3FAE4C78-41F2-8F42-99D7-788F64AB5DB7,1979,10,9,0,,30,21000,100000,500,0,No,0
F9FD6FED-9511-CE46-A9F7-D061DC7DA25E,40183DCA-807A-A04F-A25C-D2392C0B1ED8,1948,4,,,-,17,2000,0,0,700,No,0
BB7285FD-E656-6F40-A787-0EFB71BD3BE6,407332A5-31D1-894F-B5F1-BF911A72427E,1956,0,1,0,,60,0,10000,3000,26000,No,0
576A111C-E7A3-7F47-96EF-65F8C9737E62,41922470-FC62-0143-B38B-BF0A668CC105,1987,9,2,,-,19,12000,0,0,0,No,0
12F0C128-A170-744B-8C73-EF1F6BC9E5D9,41C0E7B7-4A51-E943-95FA-6123899F60F6,1960,0,,,-,54,8000,0,0,0,Yes,6000
DA497A7D-579A-4944-9AAA-380E07830FA2,4220FAE5-6435-7C47-992A-6CA5F1248576,1946,0,0,0,-,60,0,0,0,0,Yes,0
93A0127D-616F-D041-B42B-EA89E1445A7D,438DFC64-8896-D446-BFD7-CFFB55AAB9F9,1963,2,4,,-,29,10000,0,0,0,Yes,20000
D74BE350-1100-034F-A48B-5DC3F28F42BE,43F44E88-0D0A-464B-A510-AF19BFF88757,1970,10,1,0,-,29,15000,0,0,0,No,0
18776E1E-8C64-F047-987A-49F74B8D808E,443B2398-E1F1-C546-9D9C-8BB9552D7011,1961,1,,,-,56,7000,0,0,0,Yes,20000
A8F147EE-1AC4-E848-8D8E-CD37C96DA99B,445A32A2-4187-1541-B60B-5E08CA641BC1,1951,1,0,0,,50,0,0,0,500,Yes,5000
39AF02B3-3F6B-3742-B2BD-229363537BB7,4515A23A-E33C-344B-8580-FB54DC4E48A0,1956,10,0,0,-,53,7000,0,0,0,Yes,3000
9C4753CA-0001-F040-82EF-B1BD36F80BFF,4596B418-58C3-8A49-86CC-7A927429FD75,1951,9,1,0,-,29,10000,0,0,0,Yes,5000
D6494060-24CB-7948-A116-8145C0BA4463,45F43056-99FD-4E40-806D-955E45D93505,1967,9,1,,-,21,20000,0,0,0,No,0
EB3DAA68-C443-2A47-9F6B-67279DB4AFAB,4609EB75-B0EF-8D44-B19A-1DBAC33A37D9,1944,0,,,-,64,0,0,0,0,Yes,5500
6C5A949E-0B1D-CB4B-9B9D-D956B8C15D39,47194A2C-2DE4-B64C-9240-712A9499D6EC,1977,4,9,0,-,20,15000,0,10000,0,No,0
66A4DDEA-F25B-4342-929A-0066BA3D76A6,47846971-ED6C-C140-8179-045792598CC4,1953,9,1,0,,20,15000,20000,3500,0,-,0
A35FC13C-0A76-C547-96E1-6F8DC16CF453,478D3483-44B4-824C-A092-BCDD9608A3AC,1979,4,,,-,25,7000,0,0,0,No,0
C9D94253-1DD2-744F-8382-61A9D58AF34C,48E8672C-C11A-8246-B041-9720915761F6,1967,10,9,0,,25,10000,0,11500,0,No,0
1F2B1537-6DB1-0A42-B5EF-3A715107F197,48EC8B36-7DD4-8448-8163-37542E413BB8,1970,9,0,0,,40,25000,0,0,0,Yes,20000
7BE99D08-29DC-DB45-AE2F-C4A70A089C0B,48FB009E-0B39-5740-8CF3-EC26FD8C136A,1955,2,4,0,-,20,10000,0,0,0,Yes,2000
59D77E8F-36C9-8F4B-98C4-3B1F3C23C5DE,495C13BF-81C0-0943-A8FA-BF8818E8784A,1949,0,0,0,-,58,0,0,0,0,No,0
316A08F7-2725-0A40-A6AD-4BDDFDA63904,49CD9251-C224-BC40-AA21-ACC646A824EB,1967,2,0,0,-,20,12500,12000,0,0,No,0
04E00B0C-3CD2-5F46-BE7F-DA6CF40DCF65,49DE4E74-34C3-BD43-B457-61A48D22305E,1962,1,0,0,-,40,5000,0,15000,0,Yes,5000
D2CFF3E7-88E0-0F43-9297-E31D9F931DBF,49EC24DE-E93A-EE4A-9F7C-4480E41C5742,1960,9,1,0,,26,20000,100000,0,0,Yes,50000
D6816ABC-2D0A-F94A-A3F1-306651363602,49ED0AF6-E1BC-D746-AF0B-EEE68385FB33,1958,10,0,0,,27,50000,0,0,0,No,0
2592599B-9729-D74D-B6E4-F7277E3D605E,4A72D31F-F76D-FA44-B96D-8F21E68082D7,1972,9,6,2,,23,10000,4000,0,0,No,0
9BBC9C47-2454-444E-ACD5-B6F9BA4017D5,4A7DDC1C-9572-BF42-81AC-BE012C8901CF,1966,10,9,0,,29,29000,28000,0,0,No,0
E605E4EE-9575-BB40-BD5F-09ED834ACBBA,4B1885A0-7BB0-A842-8930-F4FE5B10BE34,1978,4,0,0,-,23,10000,0,0,0,No,0
0C48694C-7257-DA4B-A4F2-9F666F2A62FD,4C9341B1-C13C-7D48-870C-F186AB68F6DA,1950,1,4,0,-,13,1000,5000,0,500,Yes,7000
29FA56CD-60B3-9648-9838-19D978A8E5C2,4D106B0E-56DC-0E46-9A3C-5F6E2BAE7BC3,1958,1,0,0,-,35,15000,35000,600,0,No,0
C4E12FC9-9C18-CA46-A60C-42C4CB08F057,4E01F1CB-5655-B643-AC34-69961F633C05,1940,0,,,-,60,0,0,0,500,Yes,10000
F0705F01-A1C7-D347-92B7-EA4DB3FB729B,4E55C280-8E75-3F41-8902-D56EF4723BAE,1956,1,4,,-,19,3000,10000,0,0,Yes,3000
0DCDB704-7B37-274C-B30B-EB36858E2E25,4EB5F599-C5C2-CE47-8018-03975D5354BF,1958,2,4,0,,16,0,0,0,0,Yes,5000
70DC6F86-4524-3943-B20C-210FAC5D0ED0,4F3DA132-C56E-6E43-8C17-231C4B480733,1950,3,0,0,-,15,2000,3000,0,500,Yes,4000
FEB39A45-C96F-BF43-9FBF-EBA5BC8015DD,501B1AE1-E826-C141-8B9F-96551F91FDF9,1974,12,2,4,-,14,10000,0,0,0,No,0
4EC74293-A84A-7C4F-8A2D-A3C9D16D5ED2,516A8DCE-B4B5-4A49-870E-EC4E542E4B38,1979,10,0,0,-,32,9000,0,0,0,No,0
3A7D66D5-5A57-B747-938E-A5E478CD90F1,51F831C1-618A-7045-90E8-70624F888D64,1945,9,1,,-,20,7000,30000,0,500,No,0
A944D40E-CDE8-0D44-8AF4-654A6C61B52D,52ADBC5D-3C6C-2E43-B76F-F8D0FFC9DAB1,1970,4,1,2,-,18,8000,10000,0,0,No,0
F44225CD-80B6-3B4E-8387-544C3538FA76,53905149-0CAD-BB42-9FA3-0C1FADD22B14,1952,1,,,-,26,5000,0,0,0,Yes,3000
1E3C8626-02F4-634C-B445-B24DA7CC3809,5392F015-EA6E-F845-97CD-B0BB09209D90,1980,4,0,0,-,17,3500,0,0,0,Yes,7000
D2BBCF68-B390-264B-AD5F-6FFED090FCEE,548CB98F-0475-6E42-BA7E-BF7AC0556182,1970,1,4,,-,15,10000,0,0,0,No,0
20791400-80F7-A048-8E6D-826FDF0E0E91,54EFA6BC-1026-2F47-B290-CC2EC65E66B8,1941,9,,,,57,1000,0,0,17500,No,0
98184629-015B-7F4C-9D53-122F6A3C3CBB,559F7760-1EB6-AC46-AACB-C3191562C570,1968,10,1,0,-,25,44000,10000,0,0,No,0
44D6293D-D54F-4B47-8533-2109FF32DC45,56CE7EF1-EC29-834D-8DDA-9FFD4DDB1DDE,1951,1,0,0,-,44,4000,0,0,0,Yes,7000
60B70AFE-89D2-0640-B231-4EDC120FF95E,5895DC1D-8693-3344-B6CA-75D59C06246D,1948,10,0,0,,65,8000,0,0,500,No,0
23C01138-5D3C-AB42-A29E-A4F6BE2E38C6,59A4C8D6-6A1E-4B46-B153-43C69B5CF1CD,1961,9,0,0,-,17,10000,0,0,0,No,0
3952ACA0-AD99-2640-B94B-C1145356CF83,59AF9F50-BB3A-B04B-8A6F-21CB7691E3FE,1960,2,0,0,-,15,4000,10000,0,0,No,0
5BF7FDCE-2403-554A-B9BD-02194F76E6DF,5AB7530C-B38D-9A4D-B7A9-0DF5E04B2293,1951,0,0,0,,60,0,0,0,0,Yes,6000
0463400E-A1C2-224E-8325-2E430A6ABB77,5ADBA8E1-EEA4-7544-9480-FA66B6B0BE33,1961,8,0,0,-,21,10000,0,0,0,No,0
8D8F5D06-A682-DE47-A0EB-892B0232B578,5BB18C9D-44BE-4F43-8BF9-0D91CD5F4119,1958,0,0,0,-,57,0,0,0,0,Yes,20000
3DEDA402-9B50-024C-A626-DE512130E8D6,5BCA23DD-A2AB-EA41-80EB-2BD166DBBAC2,1967,4,0,0,-,14,11000,0,0,0,No,0
22FBA74F-0048-7E4D-BC6E-1926E0F4E487,5CFFBA53-4237-2B42-886B-7C5F3949D1DD,1948,9,1,0,-,26,25000,3000,0,0,Yes,12000
3354FA96-D41E-9B4F-8EF9-92E8F23C9CF2,5D8CCF9A-DAD6-8845-8F57-B9120CC11E09,1977,12,2,,-,18,12000,0,0,0,No,0
E7FE3158-41F9-DD48-8AA2-033EECD69F58,5DCEEA6D-9BCD-1C4E-8C80-9D2F4888840D,1937,0,0,0,-,65,0,0,0,0,Yes,20000
1F69BDCE-8070-EA44-86EF-581FE3DF9D25,5DD36F14-C377-0246-AE05-96E760C21866,1941,1,0,0,-,22,0,5000,0,0,Yes,10000
12F41644-DE40-DD45-8AFC-0747AFD142A0,5E80E0AE-F299-584D-9E8C-A00594C238D9,1964,1,4,,-,20,10000,50000,0,0,Yes,15000
992CF1D8-BFF5-A543-B8AE-9918F1E9538F,5EFA522B-A4EC-4845-BEE4-7927C4681B0B,1963,9,2,0,-,35,12000,10000,0,0,No,0
258B9FBC-4A36-7840-8418-C59848839282,5F51F92A-0465-134E-BD59-7CA94CB23AAA,1950,10,3,0,,35,10000,20000,0,0,Yes,5000
4116BC12-CD4B-6A40-8BF2-3715347F5A02,5F8A4A60-CE8A-874A-832D-F38E19CD1B00,1964,9,1,0,-,47,25000,0,0,0,No,0
A9E5937A-3446-C64F-A893-789EF13C1781,6015C580-710D-4146-B442-5BB56DCE2E42,1959,9,1,0,-,29,15000,10000,1000,0,No,0
81696EF7-94B8-F449-9ABC-C996D2462E2E,606D0850-149E-CF43-8428-78EC79F2A18C,1951,0,,,-,65,0,0,0,0,Yes,5500
E48171E0-5AA6-444D-84E7-B47B87482DD8,619AAB6E-4983-104D-A11B-B2337AD2C546,1977,4,0,0,-,15,2500,0,0,0,No,0
F401341F-5291-2648-93A6-B327304F0ED0,61D6E583-5369-EE44-8BB4-7740799903E0,1980,5,0,0,,-25,6000,0,0,0,No,0
30611A34-5BC1-6C40-9D48-F202371E621F,6337D7A7-AE45-3144-8B28-1FD9D72EC8A3,1961,2,4,,-,20,6000,10000,0,0,No,0
74DE0E28-13DB-764E-9D03-4E3E571DDC92,63816E77-0364-E345-8C1A-B247488933FA,1964,4,0,0,,50,0,0,0,0,No,0
52D5DDAF-3CB9-9C45-8C2B-2BD5E15AC3B2,63F36A34-15B8-784A-A319-E6FD7E72E5D8,1983,1,4,0,-,10,12000,2000,0,750,No,0
A0D36ED8-82F0-5C4D-A26B-681ADEA3FD75,643E3248-2982-A54D-A25A-A9D55486CDDF,1978,4,0,0,-,35,8000,0,0,700,No,0
0EF2C69D-E65D-E34C-BB40-9D8FFDAA00FD,64875FD2-BC3D-0F44-A316-1FF39784CFF0,1961,10,1,0,-,50,5000,12000,0,0,Yes,5000
F38438EE-0DD9-C64B-A779-94630D57C403,6498A720-67C1-3444-BAD8-E626268A777C,1945,0,0,0,-,62,0,0,0,0,Yes,20000
EDCE5FEC-37DA-BE4F-B121-A11D42BF838A,6525D57E-5BD7-474A-B976-CA15ABB8943B,1955,1,0,0,-,36,3000,15000,0,0,Yes,20000
E795295E-B382-1343-BAB9-B32893015F2B,65770A55-87D9-E644-915D-0E230ACA1A00,1975,23,0,0,-,42,10000,0,0,0,No,0
CE778AC8-6FB0-D14F-A2DD-8BAF05769D3A,6697150E-6E2C-1E40-90BA-D5C3B99C4BC3,1950,11,0,0,,60,0,0,0,10000,Yes,10000
D12660F6-D65F-FA41-A074-8FD050858246,66C9B61D-86A0-6048-A757-60F166C1D3D1,1980,12,0,0,-,34,10000,0,0,0,No,0
6259F3E2-3140-2646-A698-8AEDE26F32E8,672E000F-88E4-524F-9AF2-CABE14D60C91,1968,12,0,0,,48,10400,0,0,400,No,0
44349A34-7D80-954F-9BAC-778DD101B0E3,67392924-412B-F741-81E3-35DB2D6BAC8F,1959,1,4,10,,20,4000,0,1500,0,No,0
D8E33D50-CE32-634B-ADB7-A99463251678,67888A54-0292-1041-BED5-61118B670C83,1956,1,9,,-,24,20000,0,0,0,No,0
0735734C-28FA-5C49-B3B3-4BC30C9EFE0C,67F93CE8-D9F7-4243-A2BD-3CDB1A71913F,1973,5,2,,-,45,12000,0,0,0,No,0
29A11232-D7E7-C040-A22D-28C5D07B7729,68C8AF8B-4574-684E-9BCF-C97D0FD8E6FE,1935,0,,,-,65,0,0,0,0,Yes,12000
C7A80492-0E40-FB4F-B68A-D41C05892536,68FF01D7-DB5D-FE4C-A061-EF7F4CA7A680,1946,1,4,0,-,15,5000,0,0,500,Yes,2500
7776FD96-3F71-AF43-8D05-DD615C14E704,6974BE14-648C-054D-A6A0-8C3EA3FA0BD4,1975,10,0,0,,36,12000,0,0,0,No,0
01E73340-1692-CF48-AB0E-09833DEF3BEC,69864CA5-24EA-774D-A812-6D1B63A2197C,1971,2,4,0,-,17,8000,10000,0,0,Yes,5000
994567F0-294B-D141-BF8F-31DDD6961A95,6A31D6A0-B1EC-4542-A43A-215C4DD50FAD,1962,4,0,0,,20,10000,0,0,0,No,0
F62EBDEC-D69E-D048-BA2E-27F68A4A6D1F,6ACE5908-37E6-BB47-9ED2-41681EECA7FD,1971,9,0,0,-,27,16000,0,0,0,No,0
B331FFB3-A767-3046-B8A7-53683E1C7A72,6B16BF53-0B2E-BC4C-84AE-8D09B7126FA9,1954,1,,,-,54,15000,0,0,0,Yes,3000
4D171298-D775-9045-91AC-65C1BC6DE58A,6BA2AC02-1F23-1241-9829-FD1A2D57ED5F,1958,10,9,0,-,30,20000,0,3000,0,No,0
89A64E11-5E54-454B-8A5E-666258D1A7EB,6C3E3D5F-2B6C-F048-A7C3-5D52700808B9,1952,4,0,0,-,38,14000,0,0,0,No,0
F6130133-30ED-4C47-B37E-1857D7FE0CAF,6D98B5EC-97C7-004A-B201-721B650AC683,1953,0,0,0,-,55,0,0,0,500,No,0
D297FAF6-0971-ED41-BB7F-EF4BA6C7E3FA,6E2F7629-C9A1-8F47-BA11-86BCB4511CDD,1986,9,2,4,-,28,12000,5000,0,0,No,0
A183D9AD-44D4-7943-9EA8-1875311CFFE9,6ECD5114-790A-544C-ADB2-5F9E9FB6A409,1947,1,,,-,18,12000,0,0,0,Yes,20000
47CBE0BA-967C-174F-8399-AE2B85E67E16,6EF9EC59-CCDF-824F-A0F5-F44F9FDAFE60,1940,0,0,0,-,58,0,0,0,0,Yes,10000
4D0DEB12-2708-994B-84B5-19176103E659,6F2EB1D5-6727-5D4E-90A1-BF17317D8DB4,1972,5,2,0,-,20,10000,0,0,0,No,0
DD32C43F-1C9E-814A-ADD2-FE5EE41309FC,6F4822CB-22FE-A248-8DFC-1606C55007C1,1956,1,4,0,,60,7000,2000,0,0,Yes,1000
D8083BC5-2B54-F54D-BC14-824B98876C18,6F9FEE86-20E1-6D43-9DD2-C9D2815F3B92,1987,0,0,,,21,0,0,0,0,No,0
5E4EE2BC-23AA-034B-A7DE-3F1EC053A7B8,703ED5C5-EFF4-DC48-A91C-13F0E74E47CF,1973,24,0,0,BEGGAR,19,9000,0,0,700,No,0
DA3A80B3-B353-D144-81A2-5F480B019E3D,706B98AD-1B37-CD42-BB0F-562EDE092727,1975,1,4,0,-,15,3000,20000,0,0,No,0
7D97AAAD-9F77-D946-B330-A652C28F4070,71776488-EC4D-F344-A953-09B057932B72,1954,5,1,,-,18,6000,0,0,700,Yes,1000
9F9EFFB1-ED1E-AA43-BFCE-72AC2CB9122E,718186CC-E78F-C14F-8B00-27167A818C58,1962,1,0,0,-,44,8000,0,0,0,Yes,20000
2F3E5C45-7F72-094E-A6BF-BA468AAEC58E,71D6EBC2-1E2E-DD43-ABC3-12D8C15F773C,1952,0,0,0,-,54,0,0,0,0,Yes,20000
E6CD151D-A64F-F54A-A537-120BF05EF98F,723DC63B-7288-1A49-BE43-5B7C0CE5CEB6,1952,1,6,0,-,60,2000,0,0,0,Yes,5000
B2F6A7EF-4F3E-1642-8A5F-E478AF90CF1E,743FF7AC-FDDF-B440-BEE3-3D2F75D03A08,1978,9,1,0,-,15,40000,0,0,500,No,0
C2B36312-5F6C-714A-A758-01B3EA046D88,74D3AE57-A159-374C-A988-8A28CC3FB3D0,1945,0,,,-,24,0,25000,0,0,Yes,30000
3CA7D7FD-AD75-F94B-B66D-A3350EE87FC5,74EC0EDB-F22A-AC44-B29F-FC29DC03DB78,1945,0,,,-,65,0,0,0,500,Yes,6000
0B2AA520-A9BA-834F-9442-E73AC0140C78,75C4FBA6-BF01-8246-9BA9-6EECADF6F39C,1956,0,0,0,-,61,0,5000,0,0,No,0
CE159768-97B8-884C-BCA4-D3031A4752F4,7639E520-8D22-5549-9E46-AC6F3F0C430F,1947,0,0,0,-,60,0,0,0,0,Yes,10000
441B4F63-6005-8048-BD34-87B99047A652,7663ADB7-88A7-AB49-B429-83E9983DE48F,1935,0,0,0,-,63,0,0,800,0,Yes,20000
DCF8C3E7-7BDA-7A45-BDD0-E8660C1FF75E,76CC4B54-943D-0548-9EE3-0B27269D6A23,1953,2,0,0,-,54,2500,0,0,0,Yes,6000
B7141A98-210D-3548-B235-834DD25C9875,76CE7719-EE2A-6E4F-8CDF-837B4627D0FD,1975,23,,,-,18,14000,0,0,0,No,0
B9194D4B-FC30-D54B-8382-82AB1E09B598,77362AFB-4FC0-1945-83AA-AAA219851E9D,1973,10,0,0,-,32,25000,0,0,0,No,0
176611AA-0B1C-AB4F-B70B-06EF5B30B4A0,77805043-0F64-F647-B3F7-A266206553A5,1973,9,0,0,-,15,10000,0,0,0,No,0
5B93AB69-4195-F94A-A75A-ECD1B271FD1F,77946A7C-38E5-EB42-A8A2-93F2639FFCEA,1974,10,9,0,-,24,23000,0,0,700,No,0
3A62E431-853C-084E-995B-A3403369050E,782FFD0A-CE35-0E49-9BD9-7BA4F2ED03E5,1986,9,,,-,22,18000,0,0,0,Yes,15000
719B09BE-F493-B848-A394-1C1065C427C8,7A2BD53F-361A-9849-8991-4936EC767C4C,1982,0,0,0,-,34,0,0,0,0,No,0
712B4C92-F3BF-BC4B-AC59-0748AF6F5FEE,7B2DDCB1-6E10-B147-96AB-EC9D5E5BF709,1959,2,4,,-,14,7000,5000,0,0,Yes,4000
6925C266-047C-ED41-B33D-276851EA70C9,7B61BEE5-59EB-184B-9465-A1A453E4F6A8,1959,4,1,0,-,34,6000,5000,0,0,No,0
4CBD4914-89B5-0542-BCDA-CF2865904ADD,7B735BC5-E033-A04E-BDE4-25970B84FD9E,1981,12,,,-,16,11500,0,0,0,No,0
A503409A-E351-8447-A922-1CF8638DD2DC,7C13D7C1-796A-8342-8F4D-8BFD43363068,1958,0,0,0,,0,0,0,0,0,Yes,15000
F8050FCB-924A-0844-B5B9-99B2AFDB153E,7D1A4432-C12A-074B-A132-1C85A999ECCD,1966,1,9,0,,22,20000,120000,0,500,No,0
8FD1985E-8BE1-3A47-85DD-503C9A5394E0,7E2AE824-89F7-A141-88A7-3AD2410B09BF,1947,0,0,0,,0,0,0,0,0,Yes,5000
658D6DCB-0789-4546-BB87-3AF26CDAAA40,7E73D901-6237-714B-A6AA-C6718386B031,1974,10,,,-,14,13000,0,0,400,No,
5C4B11B4-B53C-3440-AD09-F6D3E4105044,7EE8200C-89DB-B54B-A12E-E54AF7E03C92,1960,9,0,0,-,20,10000,0,0,0,No,0
9E643394-7149-7C47-B4AC-0B1384A6820D,7F4E824F-042C-8A48-9A1C-ED18C1DF5149,1984,21,2,,-,26,12000,0,0,500,No,0
49EE0A30-FC1F-8943-BDC4-5D0CDCCC1790,8009F884-546E-AB40-8C36-4AAEAF213189,1971,4,0,0,-,13,6000,0,0,0,No,0
183DC19F-0C9E-D644-8B7F-85409FFD3722,818567C0-FA0C-D846-BBF8-4A7C6BB08BFE,1971,1,9,0,-,23,20000,180000,0,0,No,0
3918B79E-076D-F344-826C-2E20808FD650,81DDB28E-146E-4C48-9A67-7890417E662A,1973,9,0,0,-,24,12000,0,0,0,No,0
F114CB05-6C6F-1243-9C8C-560D4AA9C008,82039DEB-7616-B346-A09A-75F396367012,1961,4,1,,-,15,8000,0,0,0,Yes,6000
A6D7B9FF-4A86-2D42-BC6E-D64B3BFF8939,82DBBE2A-0161-3E4D-94B0-FD15522FEACF,1943,0,0,0,-,68,0,0,0,0,Yes,9000
AEA15822-50F2-4E40-9C6F-C23E8F289F2A,83A85675-7CC4-9D4A-A38A-0165838C1FDA,1989,4,2,0,-,22,12000,0,0,0,No,0
84FDE619-0288-0E4F-BE18-5E35E7D6B9D0,83B82F55-C0D1-BD49-8FF7-A628EBACA476,1972,10,0,0,-,28,30000,0,0,0,No,0
E8DE571A-7D86-B449-977B-7887663998E4,83EC3E51-8D0C-1C4D-A14D-2DB5ED84A73B,1962,4,,,-,54,12000,0,0,0,No,0
435319D7-A438-BD4F-9F22-1AEE0CBC5F4C,841FCFAD-C1F4-0447-8D57-5870F449EF2F,1966,10,9,0,,35,12000,10000,0,0,Yes,20000
193E49FB-BE21-CE4B-8B6A-40D70B8BD833,845EB3CE-5440-0948-ACC7-A87C9CA088BF,1944,0,0,0,-,65,0,0,0,0,Yes,5000
017518A6-D5AA-2C46-8729-4D48B8F0A6CE,85232FAB-8843-7D40-A10D-AEBE2F943A10,1950,10,0,0,-,21,7500,0,0,0,Yes,5000
B2D0DF9B-FD83-E94D-8189-929D3AD67E29,855DA657-C2D5-6046-BBF3-E9ECF571A991,1981,10,,,,15,18000,,,,No,0
8EBE6C42-7F40-6F44-8479-5508C03EBBA0,86298148-0437-1547-BF27-8D99A9626A45,1969,4,1,0,-,13,12000,10000,0,0,No,0
506CCA60-DEC7-BD46-9805-28A6937D333E,8678EEAB-66F0-EF4B-8E16-3C0792A48C8D,1958,10,3,0,-,55,12000,2500,0,0,No,0
A6EA51B8-494B-E640-891E-D25EF357A70E,8708DCFF-9784-2E41-88BE-85BDC7596A38,1970,5,0,0,-,34,0,0,0,0,No,0
FF6D8B2E-F6FA-4D4A-A123-63C65B1E3127,87182B16-AF81-6E49-ADCE-51906EFEF23D,1968,1,4,0,-,20,10000,0,0,0,No,0
9D15FAEC-2BD4-254B-983B-29A74AFA19B4,88573A7C-4CBD-4843-8885-769EA91D63C0,1945,0,0,0,-,63,0,0,0,10000,Yes,15000
321F3736-9572-D746-A389-D92BF4A95770,88AB7147-DD2B-9149-BA5C-2D92E7385CBA,1959,1,4,,-,17,8000,5000,0,0,No,0
016A9229-47B8-FA48-8923-5B5942062E72,88C51068-759E-0640-A29E-BB4818C5AA32,1959,9,0,0,-,20,50000,0,2000,0,No,0
ED890849-A41C-7C46-B1F9-A780EF56F6BD,89704622-2042-DB4F-A3CF-0F511CE09D68,1974,24,1,0,RUNNING MEMBER,35,15000,0,0,0,No,0
BFAAAE61-FD78-8447-8295-83B0A0CCD69F,89D66087-47B6-7C49-A1E0-91FA9CC52909,1963,10,0,0,-,49,17000,0,0,0,No,0
8B4686C3-BF01-7C42-9618-8BEAC44CE0E6,8A0AC132-E833-534D-99CB-933E1599380F,1961,1,4,,-,25,4000,20000,0,0,No,0
A8CD1157-39B4-1540-8871-455AA3CF9F25,8AE8C7D2-2583-B444-8696-B28DE228B7A2,1965,4,2,,-,35,17000,0,0,0,No,0
8AE847F0-159B-794C-88E2-E256B3D7CCA3,8BAFBF2F-563F-4649-8491-832EF03A7E1A,1950,1,0,0,-,17,15000,0,0,0,Yes,10000
FBB1F165-7A32-7F4B-804C-8C4B3F07009F,8C50DE33-E6B1-5447-9D16-427853741A11,1964,1,0,0,-,16,7000,0,0,0,Yes,10000
1D0E730A-A329-7841-8F57-F687492093E8,8C8FB0A8-17D9-A04C-93F0-C0E1C31A0594,1969,9,1,0,,19,20000,0,0,700,No,0
2A25983B-0BE8-A444-86F9-B9FF5D9C1CD0,8D2B0419-D987-FF43-98DF-E0F6DEA8A2E6,1967,9,0,0,-,41,20000,0,0,0,No,0
A70EF194-911C-4A4F-AA8F-F237379D4FD4,8D59EC9C-B85F-7748-9FC9-4B4A61C85D58,1952,1,0,0,-,15,0,25000,0,0,Yes,20000
FE1CC4AE-9C2A-5F45-A096-33A2A8745757,8D9CA663-52A4-7341-B28B-950A9D4B5776,1967,9,16,3,,21,30000,100000,100000,0,No,0
DB828987-4DDA-AA42-B7E6-4C7C5A5FDDA5,8DCFC6E0-3A19-DE43-B106-AA3A696FBC4C,1975,9,0,0,,41,10000,0,0,0,Yes,16800
626B23EC-B344-CE42-9800-D5B12C731F11,8E368DB8-BD2A-5D47-88CC-F8128E98D486,1961,4,1,,,37,6000,25000,0,0,No,
1A067E53-AE43-4E40-91D2-520FF17547F5,8E594906-93FA-CF4E-9C38-419134D2CA8E,1962,4,1,0,-,17,8000,0,0,0,No,0
60874A21-4F67-1F48-A9D8-0AC579DAFA27,8FC728AB-16B5-2C48-83AF-635FBB89B6DC,1953,4,1,0,-,37,17000,0,0,0,Yes,10000
53011DAD-D143-FB46-B2A3-25710064D785,9030F701-916C-0F46-8A54-F0F1F9615906,1974,4,1,0,-,25,2500,0,0,0,No,0
97B91E2C-8210-7442-8357-F147B0BBC14E,9120DF1B-F310-4D45-A45F-E0AD4B11DA38,1968,1,10,0,-,12,12000,200000,0,0,No,0
FACA6D11-6F8E-A347-80A2-E6191203A3FC,91A9789C-F13B-8447-BA40-D8D58164464C,1968,12,0,0,-,18,16000,0,0,0,No,0
16D988D3-4255-5E4F-A998-1F70F33B9350,920B3CEF-5AB7-9D4E-9D6E-ED771E7DDA89,1963,1,9,,-,53,6000,25000,0,0,No,0
75889CC0-0B3B-A344-8FD2-2848AE84773B,921EC887-A1E0-AD48-AD68-C7465C5725F6,1948,1,9,0,-,18,6000,0,0,500,Yes,6000
E3A041AD-10E4-3E42-B083-2D56AD934F15,92B17FA7-C5EB-544A-B2E3-9789EA0E8CE8,1984,4,,,-,14,4000,0,0,0,No,0
294F5762-7B1B-1B48-9FB7-4B0351397CC8,92DA2E75-5E97-1A44-A0DA-4607B9413BDD,1967,9,1,0,-,35,60000,5000,2000,0,No,0
B6003560-C93D-9043-BECD-92736CBE9AF8,9353D602-5419-E04A-BB66-6C65C3CE7703,1967,4,0,0,,35,20000,0,0,0,No,0
91137A75-31D8-3D4A-8B66-60C5A8156E77,93E2C467-E23F-3D4C-AD89-6CB099E0A195,1956,2,0,0,-,15,20000,50000,0,0,Yes,500
7FECA58B-55F3-B143-B268-424ACA7491C1,94A38AE6-0387-FD45-BA49-C46460767DB1,1955,9,0,0,,31,10000,20000,2400,0,No,0
E09C20F6-0F3D-3744-BF73-156274382D2C,955F9436-F361-FB44-A38A-7CA31C8EE164,1943,0,0,0,-,52,0,0,0,0,Yes,10000
9CEDBE66-4ED1-FD46-926C-A885DFBD4B18,956FB777-6378-E64C-877C-99923162FBBC,1984,4,2,,-,31,9000,0,0,0,No,0
1118D2C0-ABC5-F54F-A68E-3CCE448225C5,95BD8351-3617-9F42-A9B7-FABDD3639826,1973,9,0,0,-,38,15000,0,2400,500,No,0
C71D06CE-94C9-2140-AB6F-608F97B45860,961C3EDB-EE73-B74A-9A4E-FCBB4904647E,1942,2,0,0,,16,4000,15000,0,0,No,0
FD411E67-FFDF-6F43-8E03-1AE0BB08E82A,9746DE6C-41E7-4045-9B4B-2ADE4FA069BA,1959,12,0,0,-,12,10000,0,0,0,Yes,35000
BC751BD9-98A0-2E41-A8B0-DD804D0836EF,97C88B11-870F-EE45-953E-CFFA5AC2ECD5,1953,1,0,0,-,24,5000,0,0,0,Yes,10000
9F8DCDD0-35A4-074A-B886-A145B8D6EF1B,97E9F9C5-2DB5-AE44-99B3-8A575B2248BE,1947,9,0,0,,69,2000,0,0,0,Yes,4000
F95D3907-E220-A24F-9736-5AE94C338DAB,98625810-6DA6-234A-8BDF-4CF2E300D4B9,1965,,4,10,,25,12000,35000,8000,0,No,0
9B78C997-F06D-AF40-8495-D7569756BFA0,98D5EE3E-D475-5949-A543-380DD15CF699,1960,4,0,0,-,29,8000,5000,0,800,No,0
ABDD900B-1AAA-0D4A-B5E2-BE8654C40525,98FAF66D-ADCB-8E4E-AF66-9DFE2E41EA6A,1959,2,9,0,-,20,6000,0,500,0,No,0
32DB60BF-4750-1840-BEF0-4047CC393F54,9970C9D0-F836-2742-8AA1-394037D90FC0,1949,12,0,0,-,35,10000,0,0,500,Yes,2000
89144EA9-4147-3047-9396-DD2488C36BEC,9B30E9BC-9E3C-5D49-900A-EF667B955AA0,1981,12,1,,-,16,8500,0,0,0,No,0
6943CBB3-A741-594A-A52B-4900EFB373FA,9BCD02D7-362E-5747-BB72-CDC06A8CFA45,1978,1,0,0,-,39,9000,0,0,0,No,0
EDDDDC03-85D3-374A-96B4-EA71876F2D86,9BD9EA9A-920C-4F4C-95B7-1B5172AB4D55,1953,21,,,-,57,4000,5000,0,0,No,0
9D514898-A757-5944-9B59-DF214553812D,9BE8EBCD-11C2-7040-A0DA-F6CAD25C4844,1966,10,0,0,-,22,10000,0,0,0,No,0
0B5F239B-E7E3-E24C-A2AC-7CE72CCA4537,9BEB470E-BC05-BC4E-8EB9-FE9A4BFC6CD5,1964,9,0,0,,31,25000,0,0,0,Yes,10000
FD57D6AD-89E6-4F49-898F-A3FEEB7BB5A2,9C2802DA-EEA9-5245-9183-7FB27BB58313,1960,9,0,0,-,18,8000,0,0,0,Yes,12000
F1CA0F35-6C54-804B-84E2-19B06322F05F,9C68D9CA-3334-7645-B8B8-B43CCE082D88,1960,1,2,0,,18,0,0,0,0,Yes,6000
75E3355E-236C-904D-A54D-E2BE97BA18CC,9D2112B8-F4E6-6C43-8A79-B3306090E57C,1948,0,11,,-,67,13000,0,0,0,Yes,10000
4EEA489F-99D8-ED4E-971C-311F69B1B063,9D8BAC35-BCDA-C64F-9DD2-34D22F26D67E,1958,0,0,0,-,57,0,12500,0,0,Yes,10000
84F93271-3F93-AC4E-A344-66CAE292790F,9DA13E18-6F2B-8E43-846C-1902EFD50EB8,1966,0,,,-,0,,,,,No,
B0C00B14-9B7A-E241-9E01-E47721EC3E1B,9DADCB7A-A0BD-8845-81CA-8F99EC0970FE,1961,9,0,1,,26,23000,3000,0,0,No,0
5603A5EC-9B78-694D-B5B5-96CE4745E9CF,9DCF6B14-DF46-4642-9F1E-B33D525D1C31,1974,2,4,0,-,14,7000,5000,0,0,No,0
1770D1AF-B50A-CF4F-9EE2-6437D4E9232E,9E44D431-0ABA-E444-8806-F4A24C421144,1960,1,4,0,-,20,4000,0,0,0,Yes,4000
87871506-C71E-B044-B892-F06C5FDE19B4,9FC6893C-619B-6C43-919A-0AE7EB84EA84,1960,10,0,0,-,50,17000,0,0,0,No,0
6E2C5910-55CA-E345-A91F-2FACC84307D6,A1F0D3FA-61B8-F74D-8F42-51BEAAAD06A5,1957,0,,,-,60,0,0,0,0,Yes,15000
4EF26211-3478-C441-B09B-264276BDE45B,A26CAE3E-BCB7-2E46-8C8E-958B95276274,1975,2,4,5,-,17,8000,0,0,0,No,0
5EC37428-D2B4-C24E-AC91-3FF67967F5DA,A26DFDA2-8F8D-534F-BFB4-E7C93F816B24,1968,2,4,,-,14,7000,0,0,0,No,0
D036F20F-8FE6-3F4A-BCB3-E866086060CD,A40F6289-B921-D34C-A165-675239800D3F,1978,23,0,0,-,28,18000,0,0,0,No,0
DD05BC40-B335-A64B-AA58-6F2696F2B705,A57C688F-0CFB-E249-BD66-D3972D53C2AE,1971,9,1,0,-,45,10000,3000,0,0,No,0
72679B87-23A4-C642-A514-AE697BD69590,A640911E-1C93-C04B-A30D-F50707C84E55,1964,9,0,0,-,48,10000,0,0,0,No,0
6410F785-39E9-6E46-843B-ACBC4F3142CF,A666C53F-974D-A645-A6AE-B0DB0EE7DFEA,1950,9,5,0,-,24,25000,0,0,0,Yes,5000
A4562202-B1AA-A747-AF8F-5EF2A3D83957,A7980AFB-82A0-114F-8ED5-D44F4D25BE69,1964,,0,0,-,23,3000,10000,0,0,-,0
DC97CCE9-DDE1-CB4D-B174-2A46411C8880,A8C9E9D9-094C-AC4E-A5F6-3C802FF33C52,1963,10,9,0,-,40,14070,0,0,0,No,0
7F63CE7D-1946-4942-9EDD-005D3C16B598,A9A7B2B1-C8F3-1F45-A8F1-FC48F2BDF014,1962,1,,,-,14,8000,0,0,0,Yes,4000
A11215A5-1D5D-604C-9462-1089101CC8AC,AA0F51E0-B1BC-CA45-95CF-D6F52613AFD8,1978,4,0,0,-,29,10000,0,0,0,No,0
451BCEA8-9823-2A40-AFB5-263BF19EA1C5,AA27E42F-4347-684C-860F-DC6E79D57341,1963,2,0,0,-,20,17000,0,0,0,No,0
17E81249-9CB4-5443-9A1C-929B450544F7,AB75DE10-9804-134B-BF51-F56F38E89E31,1949,21,1,0,,20,20000,10000,0,500,No,0
FF73752B-63B5-7549-8539-968E14AFD9E9,AB7B5A74-C956-ED44-B38B-68D934AC5315,1968,4,2,,-,15,15000,0,0,0,No,0
8EE9D79A-FBFF-6849-A30F-D8C7831EDB8F,ABBC7321-7799-1E46-B022-CE8D6CCB468E,1939,0,0,0,-,75,0,0,0,500,Yes,5000
8B12F4B2-A117-9E48-AF39-0CE2E9B80795,ABEE1E6E-0D82-1746-A5ED-39841B9FDCFE,1959,5,2,0,-,17,12000,10000,0,500,Yes,5000
E425AE12-D33C-AF4D-9AD2-83E80BA797C8,AC49F014-124F-2847-B795-EE409D5C5077,1961,10,0,0,,35,36000,0,0,0,Yes,25000
913E131F-C2BE-194F-BEA7-151CC73634DE,AD17F6A6-D87A-2E4F-B2C3-E6EB87046AED,1958,2,0,0,-,55,5000,9000,0,0,Yes,15000
F2A8FC4F-101E-0045-8CC0-D7DBDB3287A2,AD204D9A-F9F6-F245-8C6C-7A0D202E3192,1951,0,,,-,60,0,16000,0,0,No,0
09C28ADF-3CA5-0548-83C0-0DA603C3E50A,AD749A67-452B-5043-B231-9F5DF9D13988,1946,0,0,0,65,0,0,0,0,0,Yes,7000
3A9FB9CA-67C1-874E-B140-4199EF315493,ADFC8158-0A73-3B4B-BC02-EA157C549501,1967,1,9,0,-,18,10000,0,0,0,Yes,15000
3D6ABBDF-B835-E649-9FB4-39094363E188,AE67321D-AA4E-9E4F-B515-9270B944BF1E,1956,1,4,5,-,21,7000,15000,0,0,Yes,5000
1FC1E4AE-CA7C-8941-89A7-C0B0D0186894,AF2902E5-E514-9B46-9032-63ADAE8C834D,1948,4,1,,,18,4000,16000,0,0,Yes,20000
D51C7A9B-37C4-6643-8B27-A5B48378ADF0,AF2F292E-E117-7C40-869A-233898E21B77,1954,1,0,0,-,50,0,10000,0,0,Yes,10000
0C1FDF0A-09D5-F740-98F1-E57A9460E10B,AFE9A820-AC0A-534E-AA3E-81C6EDA6DA33,1959,,3,0,-,28,15000,1500,0,0,No,0
B8337058-23BF-6146-950A-B480932F5DC6,B0010C9B-2216-A341-BDBC-760CF2EEA46C,1979,9,2,0,-,31,10000,0,0,0,No,0
4856779A-5560-3B46-AD7E-E9D397D0F931,B0F62D7A-E33C-9840-81C2-2FA7E836212D,1971,10,1,0,-,36,10000,0,0,0,No,0
CE7AF246-69E3-9C41-973A-92AC610318FC,B114331A-5D58-3441-84A2-0C306B0DBAC4,1953,0,0,0,,0,0,0,0,500,Yes,10000
2D1C0A35-46A7-3E44-B7EC-DF54E20839ED,B1B750CA-A405-7541-865F-172AB15BAE60,1974,4,0,0,-,20,20000,0,0,0,No,0
9AD5C90F-A4E5-CE4F-B9A4-D97023AE539E,B3ACB1AE-5803-C54B-A7A2-F4543349E2FD,1980,10,0,0,-,22,40000,0,0,0,No,0
76FFA419-17DA-BC4E-9FC5-46C115E2FCEB,B5522558-C9C1-8D4A-9578-B0D62918D18B,1974,9,0,0,-,43,17000,0,7500,0,No,0
5B8AF37D-9810-D44A-A004-1FC685527BED,B60D20CA-4899-FA47-AFBA-6D4F0BF18BF7,1957,2,4,0,-,18,0,10000,0,0,Yes,10000
4903AFA4-F32E-E842-902C-3255760B6961,B682B53D-DBBF-4149-895F-DC7B6166D8FC,1954,4,0,0,-,30,200000,0,20000,0,No,0
0D1D2C97-CA91-294C-906B-78EB57154BCE,B6E6344B-4392-DB43-A86F-44CE354F45C3,1968,1,4,0,-,15,10000,0,0,0,Yes,20000
41AD7104-7274-D442-9247-BA4DB81B1278,B78E4192-B3A3-314E-BC50-578B699AD26A,1961,2,12,0,-,16,10000,5000,0,0,Yes,20000
9EAF6FEC-D461-744B-9176-EEBAB223F50E,B7959D52-13BA-C540-9A10-D192143CBB9F,1952,0,0,0,,56,0,0,0,0,Yes,8000
764BD0E9-0482-8543-8683-37D90B33C35D,B7F305EA-B53B-854A-A564-5F8DFF3060F2,1981,10,0,0,-,16,35000,0,0,0,No,0
339669C1-E9CA-284C-A0C7-C79EC5DB20A2,B82CFB11-F3B3-7446-BAA4-FEDA9FA59BB3,1936,9,,,-,15,6000,25000,0,0,Yes,3000
65FBF6D0-6BD9-B447-9EC3-D23B882FCECC,B84B1BF6-2007-274C-90E3-3C86CD7CC77D,1985,4,0,0,,30,15000,0,0,0,NO,0
AA24FBB1-7604-FD48-8794-F4BA37CB3E8A,B8527415-9253-A041-A789-396E181919C4,1945,11,,,-,63,8700,0,0,10000,Yes,5000
9E0873CC-5640-E045-AEDD-02DD7388D396,B9149D62-6948-4A4F-B324-1B9515B5C7A6,1975,10,0,0,-,26,13000,0,0,0,No,0
81F58966-CB69-0D49-BB9C-0C8981B57B79,B94515C6-F3F5-1349-A1C0-B7A099E8BDBA,1957,0,0,0,-,50,0,0,0,0,Yes,6000
B31C6C94-8E47-E849-9806-1F935D35A3F8,B96B5B4B-0F2B-DB40-94A1-8A7FF17CAC84,1979,0,16,,,0,0,50000,20000,0,Yes,5000
03700B6C-520B-5F4E-B2D7-353FB9E41018,BBE4A9E7-04C3-F44D-9E99-189A8C4E539F,1957,1,6,0,,20,15000,125000,3000,0,No,0
4BF4ED78-BD74-0845-9AC6-4955F85AEE3D,BBF9163B-4FBD-D749-BD73-B4A5A4D34B2F,1955,1,9,0,-,35,10000,120000,0,0,Yes,30000
DA4AA128-A8FF-244A-A049-763A0535DF47,BCD05165-5D9A-6E43-88E4-D15CA2105ADC,1955,1,0,0,-,25,6000,0,4000,0,Yes,12000
F4C9531B-9655-1F4F-8A5E-24351E36B395,BD37C6C1-E3E6-8745-9F6E-426AACF6F57D,1983,23,,,-,25,20000,0,0,0,Yes,6000
B604941A-54C5-FC4B-B4F6-5F54ECE06102,BDC8A5F7-B66C-B546-8124-CA518BC3D5FB,1977,2,4,,-,15,6000,60000,0,500,No,0
7FAF4AAD-6798-834E-A9CC-1C434E5D590E,BDEE4AA7-9F9F-2B4D-AE54-917517F56CCE,1974,12,0,0,-,20,10000,0,0,0,No,0
77C17294-15F2-A74F-BF4E-467F294E3222,BDF9B297-8F5F-604E-82A7-4F221F41B6A9,1979,,,,-,38,0,0,0,0,Yes,6000
805D42B4-0FE3-5F48-AE3F-3C6DCEDC73BF,BF89DE55-2681-A545-A990-57811DAA13DC,1968,1,5,,-,35,30000,0,0,500,Yes,2000
51435784-8A99-3745-9FF9-149A021FCD7F,BF9F39E1-6D12-5546-8851-53D0A980C688,1974,10,0,0,,15,6000,0,0,0,No,0
23F32056-B918-A34A-83CF-AEB69ECA60F5,C02D9918-D5A3-4D48-9B94-694A7DA34A9A,1968,2,4,0,-,27,12000,0,0,0,No,0
5D7DAF4C-D394-0D4E-99EA-0E965FBE8A02,C158E9E4-A2C8-5547-8AB3-979D1CEE0F87,1946,10,0,0,-,70,5000,0,0,0,Yes,6000
C09E7A6A-2AE8-724C-BD76-32ACA6406329,C1618CF0-1AFE-8945-B695-AE75B8D94936,1965,1,4,0,-,26,15000,0,0,0,No,0
7296EEBD-4A65-054C-8A40-98846E7775A1,C16D8234-0182-734E-9C30-048D205B7BDA,1958,4,1,0,-,45,8000,0,0,0,Yes,5000
83EE8AAD-A523-D54D-8B00-B8836C99ABDE,C1920BEC-146F-3240-A05A-13C78FBEC8BB,1972,10,0,0,-,43,5000,0,0,0,No,0
B97E6231-EDC4-9443-987E-59BE6D37B417,C2E7D721-9CC8-4049-9F77-1FE803BB5F44,1961,9,0,0,-,49,17000,0,0,0,No,0
77FBF0A1-69F5-9B4C-93ED-D69A316F5570,C3263C20-A2E9-1A4B-9BC8-A72FA18B4658,1935,0,0,,-,67,0,0,0,0,Yes,15000
B482DE05-B85C-1F48-A9E1-2CDBCFAC9595,C3CA7480-CE99-2E4B-8B6D-D0ADDADEFCBD,1972,9,0,0,-,32,15000,0,0,0,No,0
9D2F35D4-475D-C24D-99A6-3650154E7BE4,C4D72621-C560-D446-AAAE-B53F0A55A880,1947,2,9,,-,14,5500,15000,0,500,Yes,12000
0200D07A-7E2D-4FBE-9643-3FA1D0C49874,C565B4F8-E0BF-F048-B84D-670C2DBD9488,1971,9,0,0,,36,25000,20000,0,0,No,0
EFE6332F-EAFE-D34C-9532-9A18E2CEF81F,C5AB3C6A-A4A6-5048-BA9E-737AA7B23238,1965,2,4,,-,24,6500,10000,0,0,No,0
58C6EEF7-6D1F-BB45-870D-4BE05A755BD4,C5BA39ED-04C8-5E4B-BDAE-E7A4B688CE7C,1965,2,4,0,-,14,8000,20000,0,0,No,0
ADE6E293-D8A3-F548-9947-E87B4A7E3E94,C6E6D03B-95D2-964F-AB6B-B897BC375213,1968,4,2,0,-,20,10000,0,0,0,No,0
35F828E9-F4CC-CC48-9E52-AA28F26F3E16,C70E24CB-D129-2741-B02E-0F11D63839FB,1944,9,0,0,-,70,0,0,0,0,Yes,20000
BC4BD219-17F3-AE46-B2F9-D5A9D492E69F,C75E3166-0D25-744E-AD18-33351BD73E01,1980,9,0,0,-,33,15000,2100,0,0,Yes,5000
994646AB-1453-EF4B-8FE1-957718F91B6F,C7B6ED7C-097C-D544-B58B-8F695E5E1E42,1970,2,4,,-,26,7500,10000,0,0,No,0
B0226AA8-9CA3-1A43-BA83-4C3C532E3028,C7C31823-5B7A-044E-933D-50EDDE62BA3A,1950,2,,,-,18,8000,0,0,0,No,0
53417EF3-DDDA-D140-9B3B-DDB7AA4963F0,C7DC9472-0D96-4E4D-A029-0467F55AFF50,1939,24,0,0,COOKER,45,40000,0,0,500,Yes,3000
66448882-EDFF-FF41-8922-AD86B16CBD50,C89FB54E-C398-0447-9261-3ADC8A8E9E35,1981,10,9,0,,22,50000,0,0,0,No,0
4C04EF0E-FB23-6540-9A78-66D5EC5A04B9,C992B296-760D-3746-BB36-842A75595EA1,1969,9,0,0,-,44,11000,0,0,0,No,0
350F4B43-7028-ED4F-822E-F750A692919B,CA3F474A-D099-F240-93EB-E124DB2C1418,1971,0,0,0,-,45,0,0,0,0,Yes,15000
BFD88888-A879-EB4C-933C-8B73960EC6A1,CA73A790-C570-684E-995D-B8FF9CC16ADC,1956,0,0,0,-,50,0,0,0,0,Yes,15000
644E9448-539D-9349-AF15-F3495D0FB8DE,CA980C53-6ED9-A441-AFA9-8B90C93C1F10,1951,1,0,0,-,50,4000,0,0,500,Yes,10000
340F225A-A639-FE46-BDA7-6404DEEB19A2,CAA9FD8A-667F-814C-A330-36BADF4F291E,1958,1,,,-,40,4000,0,0,0,Yes,8000
96677B1B-A2FB-9E49-B0FA-04D0E3816475,CB3A7FD2-B630-0945-9DAE-4D45AD4D8C07,1955,0,0,0,-,60,0,0,0,0,Yes,10000
873BDF3E-9B0F-3A46-9B78-09F00653C4B8,CBCCEBBD-2351-6245-97AA-257AAA8439E1,1959,1,0,0,-,42,5000,10500,2000,0,Yes,5000
6205C7AE-EA1C-8F46-B46D-10DF3522320C,CBEBC8C2-BAE2-8249-976D-97E82CE8FDDD,1961,9,0,0,-,27,15000,0,0,0,Yes,5000
D179B5F0-17A8-B84E-A9B3-07573FB4463C,CC1FADBD-E2C5-4A4A-ADA4-6832FAE24015,1968,4,,,-,16,12000,0,0,0,Yes,0
BF88E15D-1993-1143-95DD-FB0BD313195F,CCAE3010-B08B-3443-BB80-D48E8449CC62,1968,10,1,0,-,28,17300,3000,0,0,No,0
602183C1-8EF1-704B-B7D6-709026F3026F,CCE341B2-E48E-014F-80F2-AF54C5DA7B9E,1988,12,,,-,22,12000,0,0,1500,No,0
3BF777E0-CD75-9B49-9599-80A35B9C709E,CD59734F-6897-E74D-90C6-3C0056A10C88,1963,1,9,0,-,20,10000,30000,0,0,No,0
E3859CC5-6B5B-F34C-80DD-ABAB4BF5B6E3,CE4CB7B0-3018-1E4D-96FC-67E570F3A0CE,1937,0,,,-,60,0,0,0,0,Yes,15000
167795A0-6C5E-F24D-9CC0-F25E99EF1473,CE6E73C2-8F5F-5540-ACF8-361F69E54271,1957,1,0,0,-,44,6000,0,0,0,Yes,2000
8114BA4D-A7A5-2942-B171-10938429FFE9,CF19615C-D2B4-1D46-BF05-C5CE0C1A0ADB,1969,1,4,0,-,15,5000,16000,0,0,No,0
FD11A344-F286-A040-8AF8-973F5E1C4C5B,CF26A688-3A9D-3844-9212-FBD8F13CA647,1946,0,,,-,60,0,0,0,500,Yes,5000
9680DAB5-46C7-B945-B239-F8957EDE1A06,CF38B41F-B562-5046-A184-67F0C1B4C6E9,1954,0,0,0,-,50,0,0,0,0,Yes,60000
8B7362A5-290D-A84B-B75D-5F953890E449,CF7CF7DA-A732-D744-B2E7-712F61A9115B,1958,11,1,0,-,47,3000,0,0,6000,No,0
4D05F64F-EA62-D940-AC59-20BD1365F850,D0165250-DFBB-5449-868F-06F9E4394AC4,1959,4,0,,-,18,4000,0,0,700,No,0
1C823B32-A1E9-634F-A5B0-444431312C8C,D0982810-EB10-EB4B-8389-BC09A1B6452C,1973,10,1,,-,43,10000,17000,0,0,No,0
4BF43769-6840-3A4C-AD6E-62523010217E,D1222706-6AC6-4E4F-BC35-53722DAA3352,1951,0,0,0,,0,0,0,0,0,Yes,1200
C382EAB0-C353-E34E-8DC7-5EEEAA4E7E07,D15B2D71-0863-C34C-AF8F-0CDB3ACEAA09,1953,11,0,0,-,60,0,0,0,7700,No,0
EA21B94F-E511-6048-96C6-EC6DAE8629A3,D1C79DEE-F2A7-DB41-8E52-A004B52B7D61,1958,9,1,,-,43,10000,0,0,0,Yes,3000
99BD1E0D-3E6F-C142-8398-2630B60D5616,D347C33E-E9BF-9049-B221-B8E41DC976DA,1962,1,0,0,,39,20000,12000,0,0,Yes,5000
6A2C7725-772A-FF4D-9D50-6E31391061A4,D37910FD-E096-D049-8A28-8DD7B4F578A5,1974,1,4,0,-,15,5000,20000,0,0,No,0
4B880BB3-50E6-4444-9313-C0D66FA25E70,D3E8C673-CFE4-9447-8DBA-D48063031CD4,1961,4,2,0,-,15,7500,0,0,0,No,0
7030343A-2704-444E-AE79-F7C4685440A9,D422BE8F-FF2E-D740-B7BB-F340B2B73432,1954,4,,,,54,8000,0,0,0,No,0
54EC2C71-D70B-4941-87E7-A2ADBDDD121A,D44976AD-805C-2F47-BFA0-68A70DD083A8,1951,2,,0,-,22,10000,0,0,500,No,0
521455F9-D37E-4841-B927-22C824A6EBDD,D4749A95-9BA4-5546-B2BC-DBB44691B4B4,1947,10,1,0,-,24,8000,0,3000,0,Yes,5000
DC524F69-1CEB-E147-9C17-A81668D8B219,D4AA6708-4684-DC4B-A685-E64867E30E0C,1951,9,0,0,-,25,8000,0,0,0,Yes,5000
31BED7EA-19BA-7547-BFA0-E745187EF45F,D4D49308-AD77-734E-8F3D-7C111B6C8EBA,1947,0,0,0,-,55,0,0,0,500,Yes,2500
BE4ADE93-149D-BA46-BBC8-B727CA83B457,D50C0E2F-15FB-0644-961D-D6617480ACBE,1943,0,0,0,-,67,0,0,0,0,Yes,6000
8F226709-D0BC-4847-85F6-DA7B64509C4C,D532A81F-F747-3841-A5B3-ED82B90C2C4C,1978,9,2,,-,19,10000,0,0,0,No,0
511EF922-F293-FB4E-A84A-607CDA344073,D6F63A99-A48C-124F-BDB5-FCE581F38209,1946,4,1,0,-,20,6000,0,0,0,No,0
4F5030C0-FBAE-9245-AA59-6A6191AAEBA7,D70AC92F-0E06-964D-9957-F299FB126EEB,1979,4,2,,-,27,12000,0,0,0,No,0
CFB9F4A0-9ABB-5747-AB7C-68A398C3D6C1,D7BC8BB5-043A-EB46-B80F-788F5BC00811,1953,9,,,-,60,12000,0,0,500,Yes,5000
E9A9E1D9-9B6C-2F43-A430-0E07268F6DCD,D7C63968-05F0-D641-BBEA-9E678F3CFDAE,1975,23,4,0,,12,9000,0,0,600,Yes,2000
BEA54450-4E48-134A-BFF0-4B699C5F404B,D921FA97-5D12-654D-9745-11137FEA70BB,1973,1,0,0,-,42,4000,0,0,0,Yes,5000
8E7DEFB0-5805-AE42-91A7-606212547202,D94A014E-81F5-DF40-B894-06031D598143,1961,4,0,0,,42,10000,0,0,0,No,0
271C8699-4458-9843-9F97-EFAB120A285C,DA45D947-D048-C24C-8569-F7883B9427F9,1951,12,0,0,-,18,7000,0,0,0,Yes,6000
C8043709-8FD5-4840-83A1-94D9B534FC00,DAEF5EF7-8294-C14D-8C8C-E2EAA945E26F,1976,9,2,,-,28,22000,0,0,0,No,0
DE3EE847-27DE-8442-9B2A-8D7E334CE647,DAFF366D-FCB4-E748-B51A-AD474998C833,1975,4,0,0,-,15,7000,0,0,0,No,0
13243147-18DA-A144-A5BC-4797AEF74997,DB085F8E-52F0-3D44-B71C-34A120DC473D,1973,9,0,0,-,22,30000,0,0,0,No,0
5A2043D9-6674-1745-A5C8-D93AA7FD1C7C,DB6370C2-9C0D-4148-B300-460B19F48B5B,1978,10,1,0,-,20,15000,0,0,0,No,0
5FAA153D-BD84-CE4A-B556-35E5BF62FBC4,DBD03426-00D1-7640-B116-44F4F01CC7E4,1961,4,0,0,,55,10500,0,500,0,No,0
2D77BE25-6952-8748-BDA3-BF613527A046,DBEDECFF-59BA-424F-826B-4A2A37EEBC89,1982,4,0,0,-,24,0,0,0,0,No,0
8CE8DD26-952A-4749-B225-C0CA6AF4029C,DC15349C-590C-0B46-AED4-EBABD3AB5A60,1965,0,0,0,-,47,0,0,0,0,Yes,7000
4F0AF557-4D3A-F94C-B585-D65985F2FA3A,DC22A3A9-1842-544D-B056-8E17F56D06ED,1973,9,2,0,-,39,6000,0,0,500,Yes,5000
8420BDF4-D1A4-E947-88B2-9DB0B439DE3D,DCB40FA3-CB61-DF47-A16E-BE822E6B1106,1959,1,16,0,,20,15000,18000,6000,0,No,0
72DA7721-8B9B-A142-AAE6-514FE10FD8B2,DDFF6D73-4FC6-E94C-8954-578FABF40D25,1965,4,9,0,,19,10000,0,0,0,Yes,7000
D9A39545-EA5A-4C4D-93D6-F70FAE5C1126,DF1BA011-7083-DA48-8D3D-3A378B418E75,1980,9,0,0,,34,40000,0,0,0,No,0
6CA8956C-CD9D-9F40-AEA9-C449DEEC14FB,DF9371E7-33C5-1E48-94E9-103D77546D92,1965,9,,,-,43,18000,0,0,0,No,0
9292B045-934D-2148-AF3D-A39CBC79EEE5,DFC3A989-C57D-5C4D-9C4B-E37CDC909697,1963,4,0,0,-,18,10000,0,0,0,No,0
7D7063CB-787A-5D4D-9866-D9BCB6A15943,E0B59149-56BF-E94D-BB06-1A336739364F,1965,5,0,0,-,15,20000,0,0,0,No,0
3123D30D-2B39-C248-9905-328463B01CEC,E11B67AB-8B49-F14A-9609-B1ABF6A6E370,1958,21,0,0,,17,10000,0,0,0,Yes,2000
5F25F0E1-EF90-2D42-913D-76C875EE6519,E2C56192-41C5-5A4B-90C8-4948C73D68A2,1949,0,0,0,-,65,0,0,0,0,Yes,10000
DA51FE59-86DC-F448-AC8F-B05D532B2618,E3030020-8330-DA40-B91B-F9A4BCAD247B,1965,4,1,0,,40,12000,0,0,0,Yes,20000
B3BD68BA-D445-AF43-B6A3-6127B81792DF,E3911AD1-9B8C-4E4C-8D37-65C1A63C0F3D,1955,4,,,-,15,3000,0,0,0,No,6000
9E09BBD5-F06C-3147-8B47-5C1DC24A5823,E5687A4F-67B9-FE44-B4CA-C9F7E37AD7CB,1959,12,,,-,15,10000,0,0,0,No,0
F128D111-0ED9-A54F-BD53-74AF7F76B359,E59191B9-C4F3-3D42-A88D-12F7262F8414,1938,1,0,0,-,14,10000,20000,0,500,No,0
E65E11BB-9AA5-A24C-A9C7-64C8F32ED545,E5CBF956-BEBD-EC42-B308-AD9EE023A77D,1961,10,5,0,-,30,18000,0,0,0,No,0
C9530DBD-FB8B-F14C-92EC-2AE57C7FB889,E72A7613-5779-6F48-8D4D-4C298FD16B6E,1984,10,0,0,-,20,10000,0,0,0,No,0
6837BCBC-B480-E54E-B50C-08B3173E3F1C,E746A6D4-6A73-CF45-B48B-BCB03EA83C76,1950,2,0,0,-,30,20000,50000,0,500,No,0
21B739F3-BE8A-F04D-96F4-E6C2F5C9FFB0,E75EC88F-2F5F-4E45-B11A-1092CB893C19,1962,1,4,0,-,23,15000,10000,0,0,No,0
99C80A64-7058-914B-A7EF-115344A85524,E84FFB78-D2F0-9B44-86DD-FD88A920BBC1,1956,1,4,0,,20,5000,10000,0,0,Yes,5000
0638F7C6-FAB6-A746-A1A4-B920CB99F867,E860A193-6700-B54D-BF73-69924E10E76C,1970,9,0,0,-,13,12000,0,0,0,No,0
34EC413E-F0C0-7149-ABED-48838F6744B1,E8F29602-0301-C74C-B9AB-2A23E4111D6B,1954,4,0,0,-,53,7000,5000,0,0,No,0
274ED237-949D-944D-A0C6-3D67826ECCD7,EA36D057-BA04-F349-9BCA-CB6766B47324,1944,1,0,0,-,34,8000,10000,0,0,Yes,10000
E1E09F6C-2DD7-844D-ADB9-941859727D58,EA5C78E6-6476-F24E-B576-85DCF7832780,1967,23,0,0,-,23,18000,0,0,0,No,0
28B3A672-591E-4846-BF5A-2C828590407A,EA7BC363-83CF-F143-A97B-EC51EDA05327,1950,9,5,0,,10,20000,0,0,0,Yes,10000
BFA910BC-D380-AB48-9B5D-0EB50E4E22A2,EB3D8A9B-C3F8-4E4B-88F6-9DCBBB6C37C9,1977,23,2,0,-,18,10000,5000,0,0,No,0
5D33CC2D-5F50-A940-97AE-48D11F3BAC6D,EB444B1E-2FDE-8641-B1F9-CD2DA8D3A9DF,1947,1,0,0,-,17,10000,0,0,0,Yes,7000
FA846A35-F97E-5E4D-9269-67008AD0B25E,EB66AB2D-BF10-1B44-BCED-21F02DB0CFCE,1987,4,0,0,-,30,10500,0,0,0,No,0
C6944851-7AB9-C247-9EB9-99D41ACC9D79,EBE92AB0-F253-1841-B1FC-1E341A66765B,1956,1,6,0,-,54,6000,10000,0,0,Yes,1000
91B2BABA-9E78-2741-BBE8-C7A28E3969B5,EBF74561-C180-494D-B078-3AACD1E64922,1971,4,,,-,27,5000,0,0,0,Yes,2000
443C31F6-BD85-F740-9732-2CA1E4DEF5DB,EC3D7930-650B-A84A-94D4-7B0823171938,1945,0,,,-,55,0,0,0,600,Yes,5000
EE43E29B-9353-6840-A8FC-DF6CB1F50BF3,ECE2CD7E-EBD0-D142-A419-81FE6E89C9DC,1974,2,4,0,-,16,7000,0,0,0,No,0
6F2ADED1-2299-DB49-B25B-2494BE622E6E,EDBB2CE9-9DEF-BB4A-B511-B4B21A9F0B7B,1960,9,1,0,-,20,15000,120000,0,0,Yes,30000
6DE747EA-F541-5E42-8E55-1025EFEAE26D,EE466B27-824F-2D41-9283-12DDBF2C4EBA,1959,9,1,,-,14,15000,0,0,0,No,0
B5FEFF66-624D-AC49-B161-D57172365D14,F155F6A2-C6AC-C746-A223-1FDD09AE8B08,1955,0,0,0,-,51,0,2000,0,0,Yes,5000
9D2850FE-882D-6F40-BB7A-10B77EA2B23D,F167CF71-B60B-A94A-A69F-27EA213716E9,1948,0,0,0,-,61,0,2000,0,0,Yes,10000
B42FDE43-ACD0-0E48-9825-7AEAB71B3997,F21F446B-8218-7144-88AA-0E43E603FD8B,1952,9,0,0,-,36,100000,0,15000,0,No,0
14020F08-3A19-D445-93AA-4A263D2AF86A,F289BBC4-C866-E644-817D-15EAA97A3443,1990,23,9,0,-,13,15000,0,0,700,No,0
4AD9EA5A-AEDD-944E-AAB5-5DDDBA7F2FC9,F34E7E06-B121-3E4B-B536-7C97273638EE,1973,9,0,0,-,27,10000,0,0,0,No,0
FD3E6C8F-06D7-AA45-88CA-5410E57A0DB5,F3E234F7-1533-3949-AE89-B248139029BA,1973,10,9,0,,17,35,0,0,0,No,0
81DAD612-DD4D-0E49-83DB-D0A6BB15919C,F5007B4C-935B-D149-9915-8B0454DFB816,1963,2,4,0,-,14,8500,8000,0,0,No,0
2C7A8830-8998-4A4B-9BB6-51FE42E61C13,F57BC1EC-ADCD-AB46-BB50-5AE5DB4277E0,1969,4,2,0,-,18,12000,0,0,0,No,0
73567D45-6B59-364E-B091-7F544D0ED077,F580108C-2D2F-974C-9B8E-04BCEE2E8740,1952,1,9,0,-,61,12000,0,0,10000,Yes,60000
9A6ED3CA-B21C-D245-BAED-A28DAD42C43C,F59BDF9D-68FA-F942-8427-DA706AC619AB,1955,1,0,0,-,37,2000,0,0,0,Yes,2000
5B751EC3-0CF5-2C4F-A0B7-247244038922,F60FF239-2E1B-7F42-8D84-B6BB75494603,1950,1,0,0,-,58,6000,0,0,500,-,0
55C1470D-9770-9D44-8D9C-C765B37DD99D,F63EC941-52CB-5B44-B739-1725033F22FB,1980,12,2,0,-,22,14000,20000,0,0,No,0
1D666A90-2A1B-7A4D-9135-3B51B966025F,F6C5A56A-B538-204F-9F32-6582E6CBC19D,1963,4,2,0,-,12,7000,3000,0,0,No,0
52019749-B2F9-A944-9759-1DDA7DA7A0A7,F793E0CD-C676-024D-AEEF-96F241B54C88,1954,2,9,0,-,12,8000,20000,0,0,No,0
E33E7C73-510D-B44D-921D-0815ADCD8AAE,F7AAFFFC-B41A-824C-9D2A-A4C83DA97066,1968,10,1,,-,16,15000,0,0,0,No,0
B689C11A-FAA5-A949-B789-B92C5A4EFC84,F827F79D-C637-2347-A8ED-318AE78CF1F6,1970,2,4,,-,18,10000,2500,0,0,No,0
46E8CA5A-D365-A84B-A76C-75FBC0A8BA26,F85FDFD3-94D4-934A-BFE5-80C1C404AE8C,1957,0,,,,57,0,0,0,0,No,0
ED4C2D82-E324-B649-9B2A-550C391C1C75,F87E341D-C8E9-264C-8881-88F8306D3201,1978,10,0,0,,30,18000,0,0,0,No,0
CA27F671-E71D-A64D-87CB-E964D1282146,F909DBB5-6B0F-8847-B58B-C509F63BAC03,1988,10,0,0,,11,25000,40000,0,0,No,0
30504A03-9023-834D-B146-86477580AD81,F90B21A3-7886-7B42-8557-C0A643AA9A0E,1970,9,,,-,15,10000,0,0,0,Yes,10000
3141529D-456D-7249-8B54-B1F85D827830,F9588A8F-B0DD-1F4C-B226-CD196824DF46,1966,2,4,,-,17,9000,7000,0,0,No,0
0735D547-A42C-5D41-9FE1-9625A30CECFF,F9B2AE85-DCB5-5E44-8291-69937C424E80,1964,12,2,,-,35,12000,12000,0,0,No,0
349C93A2-F103-D845-B88F-6EAAE5DCE126,F9F3B647-A144-B142-A76C-1F1EC3515EEE,1950,0,0,0,-,65,5000,0,0,500,No,0
D1916D22-24BD-3C46-BF75-3732672496DD,FA26DB02-2ADB-6943-BD7F-96A48DE016DD,1951,9,0,0,-,26,0,0,0,0,Yes,10000
77C3039A-7EC7-CF40-989F-17A41D4A62D4,FAEFD33B-D7DA-9A4A-B89A-84280BA653AA,1965,9,0,0,-,16,35000,0,0,0,No,0
574323A0-131B-D145-B3BC-C5C4F0154581,FC69C159-C91F-174F-83D4-3C653A90F443,1975,9,1,0,-,39,10000,0,0,0,Yes,20000
5660C2AE-A879-5048-97AE-B61098028DD6,FCAFA29A-58EB-B848-B7E7-F85187435B49,1949,1,0,0,-,18,30000,15000,0,8000,Yes,20000
2EA157DF-F67C-794D-BEFF-733C9ABC02B4,FCF6FA7C-FCB5-0445-A8FD-5E91C2BC022B,1968,2,6,0,-,20,4000,0,0,500,No,0
371FE31B-5CF2-F24A-858B-E662532DB1D2,FD101464-000B-194E-B7C8-DEEBAAFF54DE,1962,4,0,0,-,17,4500,0,0,0,No,0
7F242E1D-60CE-5C4D-B18A-EB560F760B29,FE17769A-2C68-B24A-A8B2-9A858B739B95,1958,4,0,0,-,16,4000,0,0,0,Yes,12000
6BDC351A-2472-2748-8C3E-AB2F86314B42,FE25C22B-E9B7-8542-B6C9-B65A445FA5B4,1956,0,0,0,-,59,7500,0,0,0,Yes,5000
BE79892F-FF44-9446-BE73-3D0D15EC9327,FE4BDF79-E230-F94B-B19D-7DE51B8B5295,1941,2,0,0,-,12,3000,0,0,500,Yes,2500
7D954D78-A51B-B943-8E6A-9A0BED91AFF4,FE93865E-596A-E04A-BB5D-5B05ABF0B97F,1979,10,0,0,-,28,0,0,0,0,No,0
B3E99AC9-E247-014B-B214-5F74B1D3F141,FF03C6EF-DD1B-5843-AD0C-F56343A69073,1957,10,0,0,-,41,8000,0,0,0,Yes,12000
C0677175-6734-D64F-9B97-99D06E183439,FF095982-3698-3846-8E3E-9283649B7CD7,1947,1,9,0,,25,12000,10000,0,0,Yes,20000
600BEE24-5691-9446-A2F3-8DE060364232,FFC51915-0A21-0446-996A-30D41CE69629,1947,0,0,0,-,50,0,0,8000,0,Yes,25000
DC2BE04F-307D-724E-8078-B762A1CCB79B,FFF38A38-63C2-5C49-BE1B-FBE929AAD4E8,1964,4,,,-,17,12000,0,0,0,No,0
