"id_Questionaire","n","hh_income","hh_remit","hh_pension","hh_crops","hh_rents","total_income","labor_migrant_hh_total"
"0019881D-F4AF-ED46-A9F0-385A7E9C8EC4",7,0,30000,0,0,0,30000,5
"001E4F9D-80A6-E445-B3FC-2A5C6B336D10",8,2000,0,0,0,0,2000,5
"00D5DBC0-55F3-9C46-91B7-CEEB0141CAA5",9,50000,15000,0,500,0,65500,4
"0178768C-E351-7843-A226-C6984596E710",4,2200,0,600,0,0,2800,0
"02DC08C6-CD1A-3B44-B93F-A3ADE85B3BDD",7,60500,0,0,0,0,60500,4
"030EA194-651A-8946-941E-206CC63BCAEB",9,20000,20000,0,0,0,40000,6
"03109834-AB70-5743-8083-93570FA8DAE8",5,6000,0,0,0,0,6000,1
"03235896-F110-DC47-AD4A-9E8250B2B93D",7,49000,0,0,1166.66666666667,0,50166.6666666667,3
"036B1777-78F2-0140-9036-51546D9271E1",10,50000,30000,0,0,0,80000,1
"03D1EE2F-AAEB-7443-89FA-25C9B8C64A19",10,12500,0,0,0,0,12500,3
"03E5D296-CE95-412A-8830-E2E14DA84844",10,13500,3000,300,833.333333333333,0,17633.3333333333,11
"04337336-BCF5-1449-8E35-EBFF3AAE55CE",5,10500,0,0,0,0,10500,0
"048AA5B0-AA47-6B41-A1D1-050BB85D70FD",8,36000,27000,0,0,0,63000,6
"04953CAB-14FB-2A44-8AAB-9348634CE657",5,25000,0,0,0,0,25000,2
"0542540B-4CD8-0547-8B67-9916E3E1102F",6,32000,0,0,0,0,32000,3
"05973754-27A6-1E4F-96B5-1AD53A56B667",5,102000,40000,0,0,0,142000,3
"05C58388-D7A4-6843-B3F1-C8F975C3D744",6,6000,0,0,291.666666666667,0,6291.66666666667,2
"074D35F8-C3D8-1D4F-BCA2-A3BB1E97E4EE",13,23000,15000,600,2083.33333333333,0,40683.3333333333,11
"07912EE6-0285-4048-9223-1B307628C02E",10,90000,0,300,250,0,90550,9
"07D320AF-3E76-1A43-88F4-2FC765780D48",5,35000,10000,0,0,0,45000,4
"086650F0-9323-AC45-8619-68599A4BE2ED",9,26000,5000,0,0,0,31000,2
"088850A9-DE8C-7349-932E-E1E370A38076",4,15000,0,0,0,0,15000,1
"08B360C1-D860-FA4E-952A-945A3446D9D1",7,1800,0,0,0,0,1800,4
"08C490B8-8D54-A647-853F-31C05F5B472F",5,0,5000,0,1666.66666666667,0,6666.66666666667,1
"094D6542-1E2E-8948-A91F-61E5CC5A221E",7,25000,20000,0,0,0,45000,5
"09A1E8E3-FCEA-B448-82D5-66C63802F970",10,10000,3000,0,8333.33333333333,0,21333.3333333333,1
"09D5EFC6-947E-D648-B633-169D3A6255F8",4,10500,0,0,1333.33333333333,25000,36833.3333333333,1
"09DED313-18D4-394F-A9C2-50E410FE17F7",6,15000,0,0,1458.33333333333,0,16458.3333333333,0
"0A5A3A45-A382-EF4A-A7CD-7C8FB446FC91",14,0,35000,0,4166.66666666667,0,39166.6666666667,9
"0AD825DB-3DD8-8C43-8EDE-CF030F6098EF",5,12000,0,0,0,0,12000,4
"0ADE1685-655F-754F-A83E-4B72CECB364A",6,20000,15000,0,0,0,35000,1
"0BC68E77-B5B5-9849-9D16-EE9778C77915",8,45000,50000,0,833.333333333333,0,95833.3333333333,5
"0C13009C-8F36-2143-9C73-C67CB5EF153C",5,24000,1000,0,0,0,25000,2
"0C2C4CE0-F13F-8A4A-B9DD-C8FFC2E6B968",10,60000,0,0,0,0,60000,1
"0C662831-52DD-1041-96F2-CDBE6A6201E0",10,36000,10000,0,0,0,46000,8
"0D0EFB1D-95F7-F24F-AAF6-A9B971C687BB",6,6000,0,0,3750,0,9750,1
"0D554B9D-B2DF-854F-B137-FADDAEC745CF",15,70000,5000,10000,0,0,85000,0
"0D7AB5CE-5901-964C-8D88-795B4B2B0912",8,35000,55000,0,1666.66666666667,0,91666.6666666667,5
"0DB81420-7024-084E-8DA0-7D1437E1A811",11,16000,25000,0,2500,0,43500,8
"0E00593C-28D3-3843-BF1D-6FEE2D742AFA",8,15000,0,650,0,0,15650,1
"0E2849BB-373F-704C-AE53-72C2ACD925D0",9,9100,7000,0,333.333333333333,0,16433.3333333333,3
"0E300876-4672-8C41-8707-85A661E29E63",10,36000,16000,0,0,0,52000,13
"0E3761BC-9733-9E49-84DC-09D31528F47C",9,24000,10000,0,416.666666666667,0,34416.6666666667,6
"0E726AFA-C218-F548-864F-86C40E9B4639",9,36000,0,0,8.33333333333333,200,36208.3333333333,0
"0E92ECE0-A7B9-6846-9720-3429EEEEE532",17,0,50000,0,0,0,50000,6
"0F4219CA-3684-D844-8EF6-10B9603B6955",5,30000,10000,0,0,0,40000,2
"1038A9EF-81CE-7848-BF09-47630858C071",8,6027,15000,0,1416.66666666667,0,22443.6666666667,1
"103B32D5-58EA-264B-AA97-207D1911AE21",6,13000,3000,0,833.333333333333,0,16833.3333333333,8
"107B6230-1C4C-0D43-ABC9-8389C924D1AD",10,12000,50000,0,1666.66666666667,0,63666.6666666667,5
"11249C1C-5862-784E-B43A-3936E7D788C8",9,28000,6500,0,0,0,34500,16
"1171BC0A-57BF-544D-A9BD-6FCDDC194F8B",6,18000,6000,0,1666.66666666667,0,25666.6666666667,0
"11B54D99-D709-174B-9EFB-9FA183AAE79F",7,10000,2000,100,0,0,12100,1
"12249750-7E29-AE4A-9F01-25B18960C004",15,32000,1000,0,0,0,33000,3
"1227A235-0E6D-F54B-B945-4789965BB98E",5,12000,0,0,0,0,12000,0
"12E7A782-DD69-784A-8163-FCE3EC3BFA72",4,10000,0,0,0,0,10000,2
"13556211-99ED-C647-B236-C803BDF9FB15",6,0,0,500,5833.33333333333,0,6333.33333333333,1
"1357842D-F937-FD44-8C30-5E717E621252",10,21000,0,0,0,1800,22800,6
"137FE0EC-DA82-3B41-8EAB-EDF756730257",7,15000,0,4000,0,0,19000,2
"13C71AC6-A236-BE40-94D0-734AB077FE8B",11,55000,0,0,0,0,55000,4
"13D85A3A-8BEE-8145-BF71-395EA4605B9C",7,25000,0,0,0,0,25000,1
"1423C99E-F357-3E41-BFA8-AD4C919A66ED",8,30000,12000,100,0,0,42100,1
"146C5E3F-BACD-404C-A670-184E5E9835B2",5,3000,0,0,2083.33333333333,0,5083.33333333333,3
"14837634-2F57-8E46-BA5C-5D85C943CDCA",4,6000,0,0,250,0,6250,0
"157B3B2E-4165-444B-A8BD-23D7B8F3751B",5,17000,0,100,1000,0,18100,1
"15B7B4CF-89F5-9C4C-B951-B5C451BF8D73",6,0,0,0,583.333333333333,0,583.333333333333,0
"15DC6CA3-64B2-C745-84E3-5E8176AD8DCC",10,17000,200,400,0,0,17600,1
"1649D7E5-326C-794F-8578-78FECAC7C154",9,30000,10000,0,2500,0,42500,2
"16A526B1-4627-3E4E-BE3A-8FA8F4131549",8,50000,20000,0,2083.33333333333,0,72083.3333333333,10
"16BA5DBE-1B0F-7549-A897-2CDC3BC9938A",8,0,19000,0,7083.33333333333,0,26083.3333333333,4
"16F50600-8FAB-BE45-86B9-DC0B581049A3",11,55000,1e+05,0,2916.66666666667,20000,177916.666666667,4
"17C2FB67-7BF2-394E-99F5-9AA55848A2DE",4,1e+05,20000,0,0,26000,146000,2
"17C6E529-4CAA-584C-A473-055526B4F0FF",10,0,15000,0,7083.33333333333,0,22083.3333333333,4
"18CEFECF-6C83-BD41-BECD-5BFFFE8C47E2",4,5000,0,0,0,0,5000,2
"194E6D9C-9F01-9946-9F5D-9F814290256A",8,10300,5000,300,0,0,15600,3
"1967844D-27A5-E141-A2C0-AC4F9858992C",5,0,0,0,0,0,0,2
"19B9F9A5-4086-4A4A-9C69-C84F5150A71D",11,53000,10000,0,1875,0,64875,9
"19BBC60A-79A8-8C40-87FD-4FAF88B36B5B",6,10000,0,0,333.333333333333,0,10333.3333333333,0
"19F77498-99FA-7440-BE05-36A58DDAE675",10,5000,0,0,0,0,5000,7
"1A05E825-2217-804F-B68B-662352EC8938",7,14500,5000,0,1166.66666666667,0,20666.6666666667,0
"1A9E8DE8-7DFC-5244-9A8B-6D1A54B5CC9E",4,6000,0,0,1666.66666666667,0,7666.66666666667,1
"1AC7E903-43E4-7045-9BBD-68F66B0D6B55",7,25000,23000,600,0,0,48600,3
"1B5463F0-EDF8-0F4B-B5E1-0540802CF166",6,15000,0,0,0,0,15000,2
"1BB0EC77-564F-DF4E-A17C-1EF5C6285396",6,23000,28000,0,0,0,51000,4
"1BF872DC-7F65-D149-96EB-96F043A488CD",6,12000,0,0,1666.66666666667,20000,33666.6666666667,0
"1CB5A96A-9457-4446-82FC-552F367CB9AA",8,0,0,0,0,0,0,2
"1D37C796-ED6D-5A41-A699-C970B73E91F9",14,0,50000,0,1666.66666666667,70000,121666.666666667,8
"1D457514-0E43-EB49-8D49-63CE5D824CE2",5,18000,0,0,0,0,18000,0
"1E5FD9D7-D84D-F941-9573-292FD64C4ECB",8,0,400,0,5000,0,5400,0
"1F3A7474-6D31-0142-A2A3-A27A48F4E79A",7,135000,25000,0,0,0,160000,10
"1F4969F9-010D-1641-9E6D-3BCED0DA25B6",4,1200,4000,0,175,0,5375,0
"1F8C3A10-880B-7844-88B7-30CBFBF11BD2",6,0,0,0,0,0,0,2
"1FE19333-99A8-A44F-B82B-809211C99A88",7,10800,40000,0,0,0,50800,5
"2032792F-3197-6143-AD04-500B0413353D",7,6000,15000,600,1000,2000,24600,7
"207C5ED1-82C3-7E4B-9AC2-96930556CB5E",7,6000,6000,7100,1250,0,20350,3
"20AB90E2-EFED-474C-8374-F2367C8FA7DC",9,0,5000,0,0,0,5000,8
"20B71C2D-B95B-DF42-8CAE-6C69E465FC90",4,3000,0,0,1250,0,4250,1
"20E178CA-04AB-C045-9E11-9A2524FAB306",14,77000,12000,500,0,0,89500,11
"217864AB-C175-674D-800A-0997833E4C31",9,0,30000,0,0,0,30000,6
"21856158-F942-3C40-9879-047AA6384618",5,27000,0,0,0,0,27000,0
"2283F967-B396-F14E-BED3-75091BAF262C",10,0,10000,6500,333.333333333333,0,16833.3333333333,8
"23495656-296B-FE49-8C3A-5C34185A1098",4,28000,10000,0,0,0,38000,2
"23898066-E05F-FA44-849B-6C19C452EDC1",6,9100,0,0,208.333333333333,2500,11808.3333333333,1
"2411CF31-B500-4D4A-BED3-6EFD3FD97013",12,0,5000,0,4166.66666666667,0,9166.66666666667,9
"2419AF3A-D10A-964E-A621-3AFA6CCE5AE1",4,35000,22001,0,0,0,57001,0
"243F2D6B-AF0A-6848-B2BD-72AA9DB815E7",6,0,0,500,0,0,500,1
"2461F9E7-61DC-A747-96D2-6B83C7A96D07",8,40000,20000,0,833.333333333333,0,60833.3333333333,1
"24B807C4-D0A9-5644-9E8A-93B99419E6FA",11,55000,11000,0,0,0,66000,2
"24E057EE-B39F-DF45-993C-193FE500F9D3",6,35000,42000,0,0,0,77000,4
"26105CF8-0B76-CD4C-B3AE-34380627A18A",7,18000,0,0,0,0,18000,0
"2640CB21-12CB-B641-84A8-629B493F0401",6,0,0,0,0,0,0,2
"26622D62-0F7D-3547-9EEB-FA8DDD6C0B2C",1,0,3000,0,0,0,3000,0
"26F7B5A7-1074-E143-BD4E-BCCCA9C4135E",10,15000,10000,3000,416.666666666667,0,28416.6666666667,8
"27B4B144-6C71-7144-9B2C-85885ADB7FAD",6,30000,20000,0,4166.66666666667,0,54166.6666666667,2
"27EF362A-067B-3543-928A-AE60C4ECF31C",13,70000,20000,0,833.333333333333,0,90833.3333333333,4
"283B5033-EC66-2B4A-8615-8E9A30655F95",9,37000,15000,0,2250,0,54250,15
"28B7A251-062E-6E49-8EB0-089AAC96A53A",6,15000,0,0,416.666666666667,700,16116.6666666667,0
"28BC1252-5BD8-9B41-BA64-BFC8F1979A39",7,0,1000,0,0,0,1000,3
"28E3CAC7-9AD1-D844-A50E-C44CEA1F2CC9",11,45000,0,1000,3750,0,49750,2
"290736E2-AB24-AE45-8CF5-824C39306D66",12,0,12000,500,0,0,12500,9
"29322BE2-1C9D-3140-9924-8A28325E9963",13,10000,20000,0,0,0,30000,0
"2AF1A838-7F8D-3C49-A5AE-ADFF6964DC08",10,0,0,0,0,27000,27000,1
"2B32C751-B571-B04F-9AD8-4645277169F4",4,0,0,0,0,0,0,0
"2B5F16FC-5791-2A4F-8B5E-3FFB14D005FA",8,32000,8000,0,2083.33333333333,0,42083.3333333333,2
"2B6EAE86-5927-524D-8978-54AE2E337DFF",8,12000,10000,0,0,2000,24000,6
"2B9585E7-700A-EF4F-A946-08D7B1F7394E",9,38000,65000,1000,2000,0,106000,8
"2BB50B79-85AE-A741-804E-97B6171A59BE",8,5000,185000,4000,2916.66666666667,15000,211916.666666667,3
"2BF0545B-019A-DC49-AA2E-908EC44A177A",4,11500,0,0,0,1500,13000,0
"2BF9D548-A943-1A42-A194-A758B076AF5B",12,37000,0,0,0,0,37000,5
"2C6F2A94-8E91-C142-8D5D-49204E71F705",12,48000,4000,0,166.666666666667,0,52166.6666666667,2
"2C83D79C-67D8-E941-9ADE-5FC0CAA17C02",8,27000,0,5800,5361.08333333333,0,38161.0833333333,9
"2C9161D6-39C4-574F-BF34-AC2179E73EF3",9,30000,6000,0,0,0,36000,6
"2C94506B-2808-3D4F-A8D1-A92616B39808",12,20000,0,0,83.3333333333333,0,20083.3333333333,2
"2CAFCDBA-4331-2140-B198-60FA4296FCF7",10,50000,7500,0,1250,0,58750,8
"2D267D92-2CCE-274D-8B45-15E729AFF9B5",10,40000,15000,0,0,0,55000,4
"2D903A55-C33A-3444-8F9C-918430DC1004",6,6000,0,0,0,0,6000,1
"2DF71B65-A044-C942-B848-E640338F8EEF",3,12000,0,0,0,0,12000,2
"2EF41874-1336-8041-BD42-7C09133D04BB",13,50000,0,0,0,0,50000,0
"2F94CEAC-93C3-0142-AEEE-378D98068C3A",9,41000,5000,0,1666.66666666667,0,47666.6666666667,6
"2FD452B7-1F27-4746-9F80-7F318DF61440",15,15000,4000,0,0,0,19000,2
"2FDF12DF-4448-1049-962D-23D1530A51AD",6,60060,0,0,0,0,60060,2
"304C7FBC-4B5E-834A-A238-59D93500B7A6",5,0,0,0,2083.33333333333,0,2083.33333333333,1
"30B92210-726C-5040-A12D-95A18C8382E9",10,0,5000,500,0,0,5500,1
"30C53B6F-1A68-5D4E-81FF-8B8CD4AF03B7",12,150000,23000,0,41.6666666666667,0,173041.666666667,6
"30D08DE3-156C-3046-92CD-9746C22506B7",11,20000,10000,0,0,0,30000,2
"310E7C77-1F21-A24E-9938-94EE5351EB1D",8,22000,1500,0,0,0,23500,2
"314F032B-ACB8-794B-999F-B259C7BDC555",7,40000,15000,0,0,0,55000,2
"3183A18E-DCFB-ED44-BCD4-11B99194B6C5",7,9000,4000,0,0,0,13000,5
"3196AA57-D350-FD42-A62F-D03C43879737",16,14000,0,2000,0,0,16000,0
"31C722A8-F467-F649-BBE1-5CB8B2E57C7A",9,22500,0,0,0,0,22500,0
"321D046F-A2EF-F541-9A93-AE81DB6715EF",6,14000,0,500,0,0,14500,0
"32A2C0D9-75C7-1345-9E0A-2F93097A6B64",6,0,0,1000,0,0,1000,7
"32F76FEF-7F63-F243-8278-DB551816CCDF",8,47000,0,0,0,0,47000,10
"330D3EAF-FD78-6043-ADF2-4DD03893EE2A",9,0,2000,0,0,0,2000,4
"335618A3-CC5B-5444-BBD5-16ACC3B51700",5,20000,5000,0,0,0,25000,0
"339AAFE8-B913-9E40-A945-E0D98A43D34D",6,9000,0,0,0,0,9000,0
"33AFD5EC-7F1E-7345-8373-500EE8B2C407",8,24000,0,0,1666.66666666667,0,25666.6666666667,0
"3449BE6A-CF0A-5648-AAF1-B6D863078E08",7,40000,10000,0,0,0,50000,2
"346A9354-D05E-D049-B8A0-F287DE17CE50",6,30000,20000,0,166.666666666667,0,50166.6666666667,1
"34BEFF12-3055-5C41-8199-051487A86C79",9,36000,4000,0,4166.66666666667,0,44166.6666666667,1
"34D71E8E-1606-A047-AB75-D83A7F65CC6F",12,24000,2000,500,0,0,26500,10
"34EC5764-18C0-254C-B6E5-3B2A5A66F50F",16,196000,20000,0,0,0,216000,6
"34EECF4A-393A-384F-97A0-0ED0E5030259",4,20000,15000,0,1666.66666666667,0,36666.6666666667,1
"34FB6E01-420F-CB47-A8DE-44EC1D08330F",11,0,5000,0,0,0,5000,10
"35CB2ABA-63B6-904A-8FDD-6890C21C3C0F",10,60000,1000,0,0,0,61000,0
"3664667E-8442-FC4B-998A-F6F3DCD922AA",3,40000,10000,0,0,0,50000,1
"36C1DD12-3B73-0A44-B972-2AD09BA932F5",6,0,0,0,1083.33333333333,0,1083.33333333333,5
"36CFABE1-0368-9848-B769-DBE891C8F319",4,10000,0,300,0,0,10300,0
"370A9077-EC5E-6C42-8305-5CA79C6567C4",5,0,60000,300,0,0,60300,7
"3718CFBB-6898-465A-AF57-B2808ACA7B64",10,9000,0,0,0,0,9000,0
"372EB208-16EC-FE4D-89B4-F6ECC04C922E",6,32320,0,0,0,0,32320,2
"37908474-E485-4C44-B7D9-113F5F1CD015",6,56000,6000,0,0,0,62000,5
"383A9932-6B20-1F43-B4CE-6A9DD5D1B7BE",5,6000,0,0,5416.66666666667,0,11416.6666666667,0
"384ED69E-07DC-824B-A741-7E9E515361C0",5,60000,40000,0,0,0,1e+05,4
"3853B589-4B85-3746-80E5-7B2FC1B99FBF",9,12500,3000,0,2500,0,18000,3
"3886A240-8434-6B4C-BCC3-9245968D3A1D",5,22000,15000,0,0,0,37000,1
"396D0CA3-3502-1242-9A03-C91625D00783",9,11000,0,900,0,0,11900,0
"3A54ADE8-2FE3-CF4E-9D0C-2B9ADB229B94",6,26000,1000,0,0,0,27000,1
"3A8DC9EA-61BB-CA4A-8B28-92B2705D7021",7,30000,6000,0,375,0,36375,3
"3AF0E16B-F464-B140-95E5-DD68004B61BB",6,7500,0,3000,1666.66666666667,0,12166.6666666667,0
"3B4269C0-C942-7C40-B60F-0A457C27AEA3",5,17000,2000,100,0,0,19100,1
"3B5908FA-1781-9449-8CAB-7AE34A1C79C9",5,0,10000,0,0,0,10000,2
"3BA1AF92-2849-5840-AEEA-EDDFD5C1AAF0",5,12000,500,200,1250,0,13950,0
"3BB321FD-7740-AF47-878A-916341305743",9,9000,3000,500,0,0,12500,10
"3BD7964F-4254-FF4C-B658-C00C88709A93",7,9000,0,0,0,0,9000,3
"3C585ED9-405C-7B49-9382-11ECEAC60EAF",11,38000,10000,0,0,0,48000,8
"3CC113D3-8F75-D540-8B9D-B921A640AA4A",10,30000,0,500,0,0,30500,0
"3E64739D-90B1-1442-B809-05BC43B40E23",9,6000,0,500,0,0,6500,1
"3EC4AB44-2BF7-EF4A-99D7-A7C13A80A448",13,3000,0,0,3333.33333333333,0,6333.33333333333,2
"3EC53681-AF22-2147-BF79-2DCE941F0A6F",8,4500,0,0,2083.33333333333,0,6583.33333333333,1
"3ED58F06-3FE8-0448-AEEB-82D1BDC7DD51",6,30000,19000,0,0,0,49000,2
"3F2C96D9-069E-A644-A141-EA5805D33F98",5,0,0,0,8333.33333333333,0,8333.33333333333,1
"3FAD54F5-40B5-9446-9D4D-7E15A82260E1",4,0,0,0,0,0,0,4
"3FB2839A-DE6E-CB47-860A-E76E2A25BA2C",5,10000,30000,0,0,0,40000,3
"3FB58AC4-1920-9641-BE02-35D11DFE8C98",6,0,0,100,2083.33333333333,0,2183.33333333333,1
"3FD04800-B1CE-5F47-BCB8-9D6B4329D467",6,3000,0,0,0,0,3000,0
"3FFAA2E3-E0C8-B04F-B758-43A2BB768CE4",8,24500,8000,0,0,0,32500,9
"400634F0-0849-7D49-85D3-69CD6CFB5B37",9,27000,0,0,2500,0,29500,1
"40FB8BF2-7A59-754E-B647-9EF07C267D6D",10,2000,2000,500,0,0,4500,4
"41467FAB-C98E-824E-9DBE-15E7AB99952D",13,60000,57000,0,1666.66666666667,0,118666.666666667,8
"41B6B1F2-EC9F-4B48-BC80-62D04DBDA9CA",11,28000,33000,0,1250,3000,65250,3
"427B885D-5E95-C94B-BF4C-97772DF2F4FD",10,8000,0,0,83.3333333333333,0,8083.33333333333,0
"4295CCBD-E4BC-2541-A996-DDA96472C160",8,15000,0,0,0,0,15000,10
"42AB45F8-A191-0D46-8BC9-E65F2CB398DA",10,0,2000,0,0,0,2000,6
"432C8D8B-9AEE-224B-AC40-DB65042D5254",16,10000,31000,0,0,0,41000,1
"43BC815B-9425-D54D-80A2-ED0F0ECACD5E",5,10000,0,0,0,0,10000,0
"44338905-41EF-0044-AF06-CEF795342D6E",5,30000,20000,0,0,0,50000,2
"44B2D52A-DF71-F349-BF79-5BF1BB67FD05",7,35000,11000,0,0,0,46000,2
"457D27D5-38BD-F945-A2AD-598C688092E8",8,3500,0,0,2083.33333333333,1e+05,105583.333333333,3
"4593CAED-21B9-0D48-AC9F-C5DB82BC15EB",9,42000,17000,0,933.333333333333,0,59933.3333333333,2
"45E831D1-6ECC-A14E-A054-98A9C7B0CA35",6,500,4000,0,0,5000,9500,0
"45F88584-7E02-3640-8B38-F5B857563BCB",10,5000,0,600,0,0,5600,1
"45F8FD23-7998-0947-B1AF-593AD943E02C",8,13000,3000,0,0,1000,17000,2
"47CC7F92-5033-4749-A6FF-8BF3998B6BBC",5,0,3000,0,0,50000,53000,1
"47E10D4F-4F69-FD44-8C25-5EDB2C16A0C0",11,115000,10000,0,0,5000,130000,2
"47E27870-12FC-DA44-9E76-1C9CD310F11A",5,0,0,0,5833.33333333333,0,5833.33333333333,1
"47F0960F-59E2-A543-B138-E371A0E8CDB2",3,24000,0,0,0,0,24000,1
"47FD1043-5D27-E54C-96BB-0214682D95CD",5,0,0,0,0,0,0,1
"48608AE3-95D2-3D40-A554-C8B4C10E9249",5,40000,15000,0,8333.33333333333,0,63333.3333333333,2
"48AAB21C-FA75-354A-83E4-133122365E95",5,0,0,0,0,0,0,0
"48DD4A12-5947-0A48-A6E2-87605A8B9125",4,5000,250,0,625,0,5875,2
"48FD434D-AFEA-E548-B980-CF251600D7F3",6,40000,20500,0,0,0,60500,1
"499D4359-E1F7-2144-8557-D5085AC5BEB3",4,60000,15000,0,0,0,75000,2
"49F156BE-45E1-A247-AEF0-D9069CA3BF0F",9,50000,20000,0,1666.66666666667,2500,74166.6666666667,4
"4A302C98-B479-684A-828E-D47C8A4357D6",3,0,0,26000,0,3000,29000,2
"4AA41350-175E-4249-BF88-3BC354A6C889",6,3000,0,0,1333.33333333333,0,4333.33333333333,0
"4AB0E27C-D6D9-6A41-9BC4-D94286BF1A80",10,13000,3000,0,0,0,16000,0
"4AC8BE04-F546-674B-ACB3-DFF34E083761",3,0,2000,0,0,0,2000,4
"4AD838D0-3263-1B47-BB99-ADA3A0214584",10,45000,6000,0,0,0,51000,0
"4AFE2755-4220-5D43-BA97-17B663956036",9,1e+05,110000,0,1666.66666666667,0,211666.666666667,8
"4B055EA0-9DAD-5A48-AC39-76E7E6210171",6,26000,2000,0,0,0,28000,0
"4B45F529-6DB8-9743-B1E4-9081B85D1317",4,25000,0,0,0,0,25000,0
"4BC34671-5517-1040-92DC-54E582316918",5,0,10000,0,0,0,10000,2
"4C06909C-DAF8-D248-A79B-8DE4BE3CFAF3",8,65000,0,0,0,0,65000,1
"4C6D6EC7-9217-C54B-B856-E519AFEF4C45",6,20000,10000,0,416.666666666667,0,30416.6666666667,2
"4CEF32D2-1C74-0A48-83C6-3FDC0AC3AC6E",4,6000,0,0,0,0,6000,1
"4D639765-84B4-2240-BB19-FBBA2A717C03",6,0,25000,0,2000,0,27000,5
"4D64C58A-01A4-E345-B4C8-B46E25279DE8",12,37000,0,0,2500,0,39500,6
"4D74F641-CDE4-304C-A501-9B5750B776AD",8,21000,0,0,2750,0,23750,7
"4D8FBD55-8C86-754D-8D3F-7EDA239F4981",4,12500,0,0,0,0,12500,2
"4D9C64F3-8A9D-C44C-9E42-1549F7265122",7,46000,20000,500,0,0,66500,3
"4DA1C74E-43F5-424E-9A56-EA89626A1EF7",10,15000,0,500,0,0,15500,0
"4DC5A7FB-8074-474F-93DF-236AD5D20311",6,12000,2000,0,0,0,14000,8
"4E5490AE-A6F6-1F4C-9649-AB0F3A8773F4",6,30000,0,0,0,0,30000,0
"4E78E646-C4CC-AC4D-A4FB-19FBE948D9A3",7,8000,0,0,0,0,8000,1
"500B28AA-C12E-C44A-906C-85C47E657CBC",6,10000,0,0,1666.66666666667,0,11666.6666666667,2
"50CDF1DC-05EC-D94C-97E8-2EBEDE795393",5,8000,0,0,1666.66666666667,0,9666.66666666667,1
"50EE87CA-D15D-B445-A446-2892E0245E00",8,3000,0,0,0,0,3000,0
"5152A712-333A-3541-9D59-7001702A355B",11,19000,40000,15000,83.3333333333333,0,74083.3333333333,6
"51CFC461-657F-2248-8FDA-DF80E880A477",6,0,0,0,0,0,0,0
"51E0163D-7BF7-C34F-B59B-C4E1B8110448",6,1050,0,0,1083.33333333333,0,2133.33333333333,2
"5254E69C-A8B2-B54E-B85B-A6C03EA54C55",11,41000,20500,0,520.833333333333,0,62020.8333333333,1
"52AD82E8-F071-EA43-87B0-BCC8604B435D",6,0,0,0,2500,0,2500,1
"52FDBDCA-7007-FD4A-BDAA-400A95BC387E",3,30000,10000,0,0,0,40000,2
"537B1873-C3B3-E84C-80D8-27B7EAED8B3B",13,1800,2000,0,0,0,3800,9
"53A679CE-D1B0-3144-A45E-4724AAF5EAD6",6,50000,24000,0,1000,0,75000,6
"54158442-CE27-F044-A29A-D1FA15086FA0",5,50000,15500,0,0,0,65500,1
"5417C97A-7C8D-D24C-9E35-B88C93CF5B4A",7,6000,0,100,5000,0,11100,0
"541851F0-F1F8-F446-BD7B-823F230D991A",5,21900,0,500,5833.33333333333,0,28233.3333333333,1
"546D3E99-49A8-6E41-97FD-DADA7082B3A8",7,52600,0,0,0,3100,55700,0
"551E8E16-30F8-5547-B079-A1286B6E8FCE",6,10000,0,300,250,0,10550,0
"552F7159-0DD2-E043-BD04-70BCC9A43E40",5,0,20000,0,0,0,20000,0
"559CC4C9-9F12-0D44-9A89-E6FBDE4C9A7A",6,23000,0,0,0,0,23000,2
"56072A81-0859-494D-873E-46512B1DD127",6,5000,0,0,2916.66666666667,0,7916.66666666667,2
"5620E213-92E4-774F-9DA1-A2C53CFD1A97",11,42000,0,0,0,0,42000,6
"562EA392-FDD1-8643-A3D6-DF7AE218F774",9,16000,5000,0,0,0,21000,1
"5661F82E-F0C7-B044-B0EE-BA425BA1A677",11,5000,0,200,1666.66666666667,0,6866.66666666667,4
"566DE2A0-8786-0443-8139-D3E579829C75",7,18000,5000,500,0,0,23500,2
"56911C7D-3BB9-0540-B2D1-6385684E68CA",5,2000,10000,0,0,0,12000,3
"570FAA2F-0550-2740-87C6-3B0691A20222",4,60000,25000,0,1083.33333333333,13000,99083.3333333333,2
"57A2B056-66EC-B64F-952F-383E55EEB351",5,6000,0,0,833.333333333333,0,6833.33333333333,0
"57F2720A-D520-544B-8DC7-F770D4C1F25A",7,5100,7000,200,0,0,12300,1
"58095B52-4F40-6F4A-A36F-2FA96569D3A3",6,30000,20000,0,0,0,50000,2
"58127E94-6F98-C24C-AF85-8D320D4E4BC9",3,13500,0,900,0,0,14400,0
"58251721-651F-B54C-A9D4-A6F09E19028C",6,5000,0,0,0,0,5000,7
"58562391-8F7D-4340-A1F4-9D1BACEA6248",5,20000,0,0,5000,0,25000,0
"5856B3CA-4913-CB48-93F5-B26EDA6422D4",5,2000,0,0,2916.66666666667,0,4916.66666666667,0
"58AB5151-392D-9A43-A557-AFE6240CA2F4",6,20000,0,0,0,0,20000,0
"58E4B147-8434-F542-B601-C6643B68D191",6,0,15000,0,0,0,15000,4
"59016D6C-AD86-8748-9870-3E56DC49852C",22,60000,10000,0,0,0,70000,5
"593622D8-017C-BC4C-BFB1-9FFEEA4F62DF",5,0,10000,0,0,0,10000,2
"59E30420-32E1-2648-962E-03495176906F",7,15000,0,0,0,0,15000,0
"5B55714A-0AEE-8C49-A0F7-A50683968534",4,0,1500,0,0,0,1500,0
"5BCE3E72-E8A4-3447-A6A5-64625AC9C326",4,59900,0,0,0,0,59900,0
"5C18940E-EDA7-8141-BEA6-993052C4F8D4",8,133000,30000,7000,0,4000,174000,0
"5C396160-F363-0F41-8927-1183812E70FC",6,8500,3000,0,0,0,11500,4
"5C7A21E9-83F3-0747-BB55-0CE7EFA00A3D",6,0,5000,100,0,0,5100,2
"5C9114D2-F8FD-3146-BCE4-AAB8F8CE4BF5",10,40000,10000,0,125,0,50125,0
"5CAA2D17-5041-5941-82F7-E2E045C7CFC6",9,80000,0,0,0,0,80000,6
"5CE1FA1D-D13C-0A41-92A8-77DBB07A58B9",8,7000,0,500,1666.66666666667,0,9166.66666666667,1
"5D8E12FD-C6C6-1E47-ABCC-C4ADEC245C3A",4,8000,0,0,0,0,8000,0
"5E5B6D42-BBEC-184C-893A-18706388925B",6,26000,8000,0,0,0,34000,2
"5E5BC444-C867-4346-8C32-DB7CFAABF428",7,8500,100,100,0,0,8700,4
"5E609838-4681-3540-907E-5184C733A437",7,30000,10000,0,0,0,40000,4
"5E8088A3-A004-AF4E-B830-5770A5444267",9,30000,35000,0,0,0,65000,2
"5E8A288F-C8C9-DD4B-B268-9DC1C62C0623",8,0,4000,500,0,0,4500,6
"5E93DD43-D01B-F940-A415-6BD3F0B35C86",5,30000,10000,300,0,0,40300,2
"5F60363C-8F80-4A4F-912B-ABC109A896C9",14,0,500,0,0,0,500,4
"601B2D0D-957F-2144-9E92-A65944BC4CE8",5,18000,200,0,0,0,18200,0
"60689D87-855B-6548-902B-084F372800D6",4,16000,1000,0,1666.66666666667,0,18666.6666666667,0
"60ED1C6C-4BC0-F847-825F-16F982EB950D",6,10000,5000,0,0,0,15000,0
"61293F7A-1A32-4A45-A5D6-804BB6DF4BC0",9,16000,500,500,0,0,17000,0
"62739890-0FA5-324D-BA85-48F3F5626F09",7,20000,10000,0,0,0,30000,0
"628FA373-27BF-E942-B886-DD6ED5C71635",7,43600,10000,0,0,0,53600,2
"62DF824E-83B8-9E49-A8E0-D04069170AFC",6,25000,15000,0,0,0,40000,2
"634C8B3B-29AD-4E4D-912E-539B8AFADD9B",6,14000,0,300,1666.66666666667,0,15966.6666666667,0
"635FDFF4-F9C0-BE41-9C93-9919C7A878BC",4,5000,0,0,1666.66666666667,0,6666.66666666667,0
"6397F9CF-3235-3945-B019-D3E8959C475A",6,9000,0,0,0,0,9000,2
"657CB5E8-6E33-5542-9AD6-761C1BFF2741",7,6000,5000,0,166.666666666667,0,11166.6666666667,2
"65F9E74F-9C93-D845-83D5-0487F6E59DA5",6,60000,40000,10000,1666.66666666667,0,111666.666666667,2
"66EDAA41-FD16-AC46-8530-307F5FCB2F97",10,1600,6500,0,0,0,8100,5
"672F13D0-84A0-2541-AD62-2F131C8D047E",12,33000,2500,0,0,0,35500,1
"67439750-E87A-054D-8F64-428A4EB1B8D7",7,20000,0,0,1666.66666666667,0,21666.6666666667,1
"6743AF39-3024-474F-8BF9-1C0E9326DC62",4,26500,0,300,0,0,26800,2
"6749B5E5-8843-BD4B-94A5-6C5E10B0CD54",8,0,20000,0,6666.66666666667,0,26666.6666666667,1
"67769B8B-8FA6-F645-91F5-E7AD2B2F87E1",4,4500,0,0,166.666666666667,0,4666.66666666667,0
"67A9E998-FF7F-B64E-B181-F01114914456",5,8000,0,0,0,0,8000,0
"67CEE090-BF2C-584B-A6D9-C4A355EE5011",10,0,55000,0,0,8000,63000,4
"67DBFC0F-4138-8940-BB30-8068AC9DB4F4",7,7000,5000,0,4166.66666666667,0,16166.6666666667,0
"6801A46E-F937-C242-9F2A-BA0B10A02CFD",10,82000,5500,0,0,0,87500,1
"682E1086-7E25-2C4F-BE6F-8C84C1BC9522",5,40000,10000,0,0,0,50000,2
"6868847A-0B41-1142-94F3-BBE8E533E41B",9,20000,0,0,0,0,20000,1
"696F2FAC-D3B8-0E4A-80E2-3BB0E1981A24",8,22000,0,10000,0,0,32000,3
"698D0A46-E50C-C74A-8B37-94AEA04AE338",7,0,40000,0,833.333333333333,0,40833.3333333333,2
"69D907D5-DC6F-7242-A87F-DB5815EF101C",11,62000,0,0,0,0,62000,1
"6A7CF04C-2F36-8D4C-9C41-A78039326F25",10,1000,25000,500,0,30000,56500,7
"6A867ED5-8709-3642-8A31-AF7D88299EFE",9,80000,10000,0,0,0,90000,6
"6A9181B4-E30A-364F-A0D7-A04D1A89BFD1",6,15000,0,0,0,0,15000,1
"6A9FDDD9-7CD8-1F46-84D3-B7A167EB3214",8,7200,10000,0,0,0,17200,3
"6AA61A10-3ABD-B647-80E8-C2ADE6C83DC0",7,1000,6000,0,833.333333333333,0,7833.33333333333,4
"6AE491C8-6A2C-9642-A65B-2B5570545039",6,0,15000,0,1666.66666666667,0,16666.6666666667,5
"6BA32766-424C-5646-AB74-A08D1C154D87",5,15000,0,0,1666.66666666667,0,16666.6666666667,3
"6C5146F2-90D3-8E44-B184-EE393D82E9FA",7,1500,18000,0,1250,0,20750,1
"6D715E64-4E9F-CC48-B41D-DE2A00C91A7A",8,0,0,500,0,0,500,0
"6DBD9E51-F546-284E-8CD0-5D1FC74D85FB",8,42000,2000,0,750,0,44750,2
"6DD47CB1-AC77-7243-93D7-F5E33C8E69FB",6,9000,0,100,416.666666666667,0,9516.66666666667,0
"6E9AF8E5-E948-4B40-BD16-204693940EE0",8,27700,35000,0,833.333333333333,0,63533.3333333333,9
"6F39663F-8DCF-E846-AFB0-D8FC52DB9A32",13,65000,40000,0,0,0,105000,1
"6F8DD403-D8C0-5845-9E01-B5CBC6DE2CB3",5,9000,0,80,1000,0,10080,1
"6FB4A7C5-6361-384A-89CF-24E625E721BC",4,10000,0,0,0,0,10000,0
"6FFA64EA-7DBD-FD40-92C5-44A32F043EC4",9,7500,0,0,0,0,7500,0
"7027BCF0-F0CA-CE42-BE7D-7A94D45AB93B",7,16000,6000,0,0,0,22000,0
"702A1F9C-2188-8748-927C-C1BC99166A52",8,25000,22000,0,4166.66666666667,0,51166.6666666667,6
"70302DEC-3EEA-2443-BBF5-E81239574BE5",19,440000,9000,0,0,0,449000,1
"703A8568-7B5F-6D49-8ADF-FCEF1A01B011",7,0,0,6000,0,0,6000,4
"70F8A5A0-60F9-3742-A399-C54AB6A6CB6B",6,29000,0,0,0,0,29000,1
"71103232-0966-CD48-A881-C27AC8FCEA5F",5,5000,0,0,0,0,5000,0
"7119B302-88E6-C442-8165-CE6D842F0331",15,3000,500,0,0,0,3500,1
"714ED489-2D2B-3140-9590-2A5F261EDD74",6,65000,5000,0,166.666666666667,0,70166.6666666667,4
"71B7065A-A684-5640-9D11-8C420CAED24E",7,20000,0,0,833.333333333333,0,20833.3333333333,1
"721ADC69-720C-6444-B19E-157025E36F7F",5,0,0,0,0,0,0,4
"7223BA11-8936-BC43-BD7F-D9813571406C",9,15000,0,0,0,0,15000,0
"726CACE8-A087-CA4C-B36A-9771A80C8E57",11,47000,20000,0,2583.33333333333,0,69583.3333333333,5
"7273030C-3C30-8141-84D9-AF4D2588EBAF",6,5000,0,0,1000,0,6000,3
"728FEBE3-841B-FF4A-9DA9-3EC9482E41CE",6,7000,0,0,0,0,7000,0
"729C158B-C387-3149-B164-538ECFDAD02A",7,4000,0,0,0,0,4000,0
"731639F9-C8E6-294B-8E64-9C35513CE552",6,62000,35000,0,4000,0,101000,3
"732614AD-FADE-DD4B-9375-DA3CE12FB138",7,30000,20000,0,0,0,50000,2
"73584946-14E2-C34E-9ECC-48CB320B7F43",11,33000,10000,0,0,0,43000,4
"7362838E-4098-634B-8166-CD0DDE2C2BF3",8,10000,0,0,0,0,10000,6
"7385EA15-D3CF-7E4A-99F5-60BAE7A4FAEC",12,40000,30000,0,0,0,70000,6
"73AF8635-B766-8F4C-A17C-BF6EF15E6E02",6,2450,0,0,1666.66666666667,0,4116.66666666667,0
"73C38275-FD5D-8A44-9D80-2A3899BFCC4F",7,23000,0,0,0,0,23000,0
"745694D6-16AF-EC4E-A817-21167382B4EF",5,0,10000,0,0,0,10000,3
"74701493-2902-AC48-A77F-0252F1AD495D",6,8700,15000,0,750,0,24450,2
"7491890B-ACF4-9146-A152-AA22AFA295DD",4,0,1000,0,0,5000,6000,6
"74C15037-F0AE-2D4B-A5A0-134954F93E4C",9,3600,5000,0,0,0,8600,2
"74C22653-1AEB-C14F-9E2D-EAC9F9A76932",5,21000,0,0,2250,0,23250,4
"74F422A9-B875-C24D-839D-E4D849EA9B24",6,12000,0,0,2916.66666666667,0,14916.6666666667,0
"7551BD37-ED5C-A54D-846C-850818793D8F",6,8000,7000,0,0,0,15000,1
"759423F1-1C2F-5A4D-9E90-7E49492BF069",15,17300,0,0,4166.66666666667,0,21466.6666666667,0
"75C20D19-87F9-984F-99C9-72C261418CCB",11,30000,80000,0,2500,0,112500,0
"75D634B9-1455-CD43-92B3-B2DA516DFFFA",12,85000,1000,0,0,0,86000,7
"75F9ADE5-CEAB-D946-8127-D29E005FBF5E",13,160000,0,0,0,0,160000,7
"762BFAC6-B90E-B847-9A91-BED39277A9E6",9,12000,0,0,0,0,12000,6
"76675CE4-9286-5947-BEA8-394F00AECB88",8,0,0,0,4166.66666666667,0,4166.66666666667,0
"769EA04E-25E7-AA43-93D2-4EF08A7694CB",6,3600,0,500,400,0,4500,5
"76A8E79B-B1F3-3944-B0B4-5A757FB289F6",4,15000,0,0,0,0,15000,1
"76C4C138-9B9A-3D4D-8961-D049E20C6855",9,9500,0,0,0,0,9500,0
"76E1D4C1-9A78-9C4C-B8E4-17CE217630C0",11,0,35000,0,0,0,35000,2
"773308CA-79E5-2B48-8BC0-5C6AE06B48E5",9,40000,2000,0,833.333333333333,0,42833.3333333333,2
"77486488-4106-BC44-859B-C649F41F8F49",14,37000,0,0,7500,0,44500,9
"774F325F-5F08-D943-9B5C-92D4EF49A121",8,0,17000,0,1250,0,18250,6
"775D7CCC-8C29-024A-AA66-F2764C440A22",12,40000,22000,500,1666.66666666667,0,64166.6666666667,8
"77B847D7-C6D0-CD44-BBE2-CF6682ED4939",14,20000,10000,0,4166.66666666667,0,34166.6666666667,1
"77DFF5CC-8A1D-224B-B520-E27BA9FD7C4C",6,15000,1500,0,0,0,16500,3
"7804F002-2A9B-BF4A-8F86-D420B0A3ADCC",5,0,0,0,0,0,0,2
"7813A53D-B47B-244D-BF5A-62AF4D3065DE",8,14000,5000,0,0,0,19000,9
"785F4286-2D50-AE47-9B5A-40A8FBF7125C",4,56000,0,0,0,12000,68000,2
"78DFCDE7-D63D-6E47-96BB-CF0C041120BF",12,18000,55000,0,7083.33333333333,0,80083.3333333333,8
"793320EC-5537-B941-B69E-56328ED20CDB",7,30000,15000,7500,0,0,52500,8
"79358D09-8C80-7C40-B1C5-AB364F6C1D6A",5,0,0,0,0,0,0,1
"794C1868-28FD-B249-AA51-DEB30EFAAF57",4,5000,500,0,0,0,5500,1
"79634D8B-3727-5B41-868B-56CB09C68B54",6,15000,1000,0,0,0,16000,0
"799B0152-F334-AF4F-A160-34CAFD1F0501",11,50000,75000,0,0,0,125000,2
"79AF60A9-321F-7A4B-BA2E-E555F02173B3",11,10000,0,0,1666.66666666667,0,11666.6666666667,0
"79D58C76-575C-B442-9E85-9CFCFD4B3548",6,20000,0,0,0,0,20000,0
"79F88899-C5B9-AE4B-AD85-C0397BBEF44F",6,20000,50000,0,0,47700,117700,4
"7A7852C1-DF1D-7340-A201-77176D45330D",11,77000,15000,0,833.333333333333,0,92833.3333333333,6
"7AB49FCA-DCC1-4747-9289-392999039620",10,0,0,0,0,0,0,2
"7ABC0F19-C2E4-814C-96D5-875455506820",5,0,0,0,0,0,0,2
"7AC9C9D8-5C25-C14E-A27A-F0338255ACAC",11,3000,6000,0,0,0,9000,1
"7B51E657-9E5B-4941-BC84-DB0F741B6E1D",4,0,12000,0,0,0,12000,0
"7B89B4E5-34E0-074F-9AB3-44F42890D336",5,85000,50000,0,0,0,135000,5
"7BFFC4E7-9B52-0E46-B61F-D7F2746FE6F3",7,17500,0,0,0,0,17500,0
"7C034F5D-4751-204B-8F0F-283316E124CB",11,59000,5000,0,0,0,64000,17
"7C05E7A6-755E-5A43-879B-3180C4F86153",4,15000,0,0,0,0,15000,1
"7C18DDB6-745C-9D43-AAF1-4725D46EF7FE",6,28000,25000,0,0,0,53000,5
"7C99B052-BCB6-8E4F-9418-202B013C17FE",14,35000,25000,0,7083.33333333333,0,67083.3333333333,6
"7D0419E2-7316-384E-8F84-43CC8BBB7C7E",6,11000,0,0,0,0,11000,1
"7D065993-CF7A-FD4D-B95B-7E3519952C7E",5,0,0,0,0,0,0,3
"7D4EA2DF-AFDD-494D-AB17-CAA6CDB56488",8,57000,0,0,2000,4500,63500,1
"7D7FC5F1-7456-6741-B65B-66E127A907ED",8,5000,4000,0,4166.66666666667,0,13166.6666666667,2
"7DCADCA6-AAF8-524B-9E1D-2E2D265FF917",5,6000,0,0,0,0,6000,0
"7DFF7C48-C869-4B4B-A8CB-EF51275BC57B",6,22000,30000,0,0,0,52000,3
"7E3438C4-34A8-5148-8709-446457D5EE5F",4,10000,2000,0,0,0,12000,1
"7E9333F4-CD48-9D42-A9D9-323713A8068B",11,0,50000,0,7500,0,57500,7
"7F47BA24-E572-5249-9197-96B5E60DDC51",7,7000,3000,350,2500,0,12850,1
"7F635F6E-D231-9B4E-80E8-D20F5056F84F",4,15000,15000,0,0,0,30000,2
"7FC6D891-7663-6241-99CD-3A9FFEA77A10",10,24500,2000,0,0,0,26500,9
"7FE65721-9BDA-394C-BEE2-06253E55802C",9,36000,1000,0,0,0,37000,1
"80AB2370-7958-ED4D-AE93-A0A1C51208A9",14,0,25000,0,1250,0,26250,4
"80BF8D40-62CA-A54A-BDAB-9DEB044B89CC",5,0,5000,0,833.333333333333,0,5833.33333333333,3
"815D87E8-B730-1245-B16F-1FF89BD1A87B",5,24000,0,0,0,0,24000,0
"82B9DFEA-4F13-BF4B-AB7D-B3D4B8989F4D",8,3000,0,100,2500,0,5600,1
"82C5E1F5-AFBD-E44F-947D-4D8FDFE79C95",7,22000,1500,0,0,0,23500,4
"83062945-6A0F-A047-8071-D28F2C5DE9FC",4,18300,0,0,0,0,18300,0
"836ADAA9-DA89-664B-91D4-68627871A702",7,10000,0,0,4166.66666666667,0,14166.6666666667,3
"839D048C-D381-F848-B938-8067707003CF",7,4500,25000,100,2500,0,32100,3
"84318764-10C5-8C4E-ADCB-C2242DA7BBB5",5,40000,30000,0,0,0,70000,1
"859C3B25-6337-4643-B512-5C3D20423811",6,13000,0,150,0,0,13150,2
"86C18C95-F128-AE49-9AB6-DB5B2A5A7E03",8,20000,0,0,0,0,20000,1
"874F1636-4144-0648-B5DB-F3F8C5189107",14,60000,30000,8677,0,0,98677,12
"87F8DDC6-7A9D-E24F-8223-9E2CCF91E25A",17,12000,20000,0,0,0,32000,2
"882467AA-61F3-2743-83E3-ACD1D2A7163C",5,0,16000,0,0,0,16000,5
"88601EFF-A389-2D47-876B-E1A4403C0664",4,8500,0,0,833.333333333333,0,9333.33333333333,1
"88A46981-7CC6-894D-93DD-1E214AD3B73A",4,0,10000,0,0,0,10000,4
"88C6F20B-8C37-6B49-B866-76DDD6ED82B3",10,15000,0,0,0,0,15000,4
"898E2891-929D-5F47-BE9C-F5E2B39BADE9",8,15000,12000,0,2500,0,29500,2
"89C5F7C7-6F1A-B04B-AF8F-C50A254F4E61",8,0,10000,0,0,0,10000,4
"8A3A2023-A8A1-9843-A772-747087F709CB",15,85000,43000,0,4166.66666666667,0,132166.666666667,5
"8A6C8FF9-EC6C-BF4B-85C6-7F1BD9AACFA0",5,17000,0,0,3000,0,20000,2
"8A9A4E6D-708A-1F41-A33A-D9B0225CE1C6",5,700,0,0,250,0,950,0
"8B68C29C-4E5E-234F-8C86-BA5093308138",5,25000,10000,0,0,0,35000,2
"8B86B2D6-52EE-DA40-86B8-406F883BDDD1",9,0,10000,0,0,0,10000,3
"8BC56FCE-D5A1-7044-A160-F4AA3DA56C04",6,25000,0,0,0,0,25000,2
"8C164BD0-5F07-7A4D-A6D4-A9A154F00F97",11,0,11000,500,0,0,11500,9
"8C3DC676-D0BE-374E-8B89-FF94C5ACB9E6",4,10000,0,0,0,0,10000,2
"8CA3C34C-29C2-A648-9FF1-F525430B7C5E",10,0,30000,500,0,0,30500,11
"8CDAEE8C-2A5D-4A48-8BCB-C87945D29098",5,0,4500,0,0,0,4500,2
"8D733320-B148-2543-A810-01209D9B5799",11,45000,0,0,0,0,45000,10
"8DBFB9A6-3F49-A747-B071-340278A62C28",3,25000,10000,0,375,0,35375,2
"8DCDB599-89E5-A547-9C9F-B7A463315D72",14,19000,14000,0,0,0,33000,14
"8DDF7D0A-CFBE-944F-9570-E541D0A2B307",12,91000,25000,0,1000,0,117000,10
"8DE7C8F0-AE3D-5440-BBDA-2895F89A419A",5,3000,1000,600,166.666666666667,0,4766.66666666667,0
"8E36F232-9622-B644-B643-8FE5A1CB6ED9",8,68000,2000,0,0,0,70000,5
"8E430913-B4AC-0144-91D6-A94AF4F4D114",6,20000,0,0,0,0,20000,11
"8E98DECE-6A06-7942-ABD3-4B8E7D7D0A3A",5,40000,10000,0,0,0,50000,1
"8F75043F-7393-7E4D-BD64-D97CC21B6778",4,0,0,0,0,0,0,0
"90FC622F-EFE7-D846-9B11-209229D983B9",4,23600,0,0,0,0,23600,2
"9117DE62-5EDD-0846-878A-1343D29E5D58",14,14000,30000,0,3333.33333333333,0,47333.3333333333,6
"9137203F-F909-484B-B86F-46EC2A4F8794",7,15000,1000,140,0,0,16140,1
"91D2A274-E6DB-484A-8EB7-98E510F3A541",6,27000,0,150,0,0,27150,2
"925D7231-5EF7-2E47-A7CA-ADD32D79E71B",6,4400,0,0,1283.33333333333,0,5683.33333333333,3
"92A45E13-52EB-EB44-BCF2-10C36A932D57",8,10000,0,600,0,0,10600,0
"92E1BD38-1A44-3842-B964-26DC39D02BED",7,81000,0,0,1666.66666666667,0,82666.6666666667,5
"937E96E9-8231-A046-B5CA-E33F1524E79D",10,8000,16000,0,1666.66666666667,0,25666.6666666667,7
"9389AAAB-DC3B-8444-B2DC-228D52AA2799",11,40000,30000,10000,1866.66666666667,0,81866.6666666667,7
"93EA32E7-EC93-D34E-BD8A-1CC7452C2071",6,0,50000,0,2083.33333333333,0,52083.3333333333,7
"93EF9B39-F3F9-3742-8CE7-B34980BB3DB0",5,14000,6000,0,833.333333333333,1500,22333.3333333333,0
"93F2C2CE-731C-234B-BF83-8F84A68FDF47",4,10500,0,0,0,0,10500,0
"94097802-7F34-CD49-80D3-83964AABBA30",5,9000,0,0,1500,0,10500,0
"94953858-2C27-9F45-8B66-B0648FD1FF73",6,5000,20000,300,1666.66666666667,0,26966.6666666667,2
"94D3540E-0E2F-214B-A7DD-B3D0F913EC65",5,20000,0,765,3333.33333333333,0,24098.3333333333,4
"9566EEFC-7203-E241-94FD-361B7963A519",8,8300,2000,0,0,0,10300,3
"95BFF550-4297-8440-A89E-D751378BD9F9",6,20000,3000,0,0,0,23000,6
"95FF4C13-4124-FF4D-A836-3CCE15123403",4,8000,0,300,0,0,8300,0
"96BB5D3E-CBA0-6B4D-A7F6-0570690EE44D",9,60000,0,10000,0,0,70000,6
"9722AC11-0EE9-FC40-BD69-6F555FD22957",9,0,10000,0,7500,0,17500,10
"9736F99D-AF56-3C41-A619-A7726890C8CD",4,0,0,100,0,0,100,0
"97906852-7EF3-FB45-A9BC-D3B802FF9D22",11,31000,0,0,0,0,31000,10
"989A4DF3-3F0A-FA48-A3E9-838045E262EB",6,10000,5000,0,0,0,15000,2
"99398C36-252E-B945-9525-F941EEA9644B",8,0,2000,0,0,0,2000,0
"99416EC7-6A05-A347-BC4A-262B97816684",10,30000,40000,0,0,0,70000,2
"995EBB19-3414-B748-BD99-CF13BC506186",4,15600,5000,0,416.666666666667,0,21016.6666666667,2
"9A229861-864D-9647-A256-3E0A5AE46DD0",6,2000,40000,0,0,0,42000,1
"9A2BA584-6555-414D-9375-2BCDAFB2FE58",10,26000,0,100,0,0,26100,1
"9A57A11E-E1EE-AB49-978A-AF9101DFBCEC",7,9000,0,0,0,0,9000,2
"9A79D7C7-C1C4-2541-B378-0DA7F87004C8",11,8000,23000,0,0,0,31000,12
"9B6BCF60-CCF9-4D48-857E-5B383D85CE89",8,35000,0,0,0,0,35000,1
"9BFC144D-EE40-814A-9375-451D1F42D091",6,0,2000,0,0,0,2000,0
"9C70B075-F41A-2448-8A47-432E638507FB",12,12000,30000,0,833.333333333333,0,42833.3333333333,5
"9D11EAD3-1CD1-7C4F-8B6B-E6E5DA9F2BA5",7,20000,0,900,0,0,20900,0
"9D2484D7-8815-5A4A-8FF6-0271E072DD8F",9,50000,22500,0,833.333333333333,0,73333.3333333333,7
"9DE3E3D1-E935-6A4D-B9D1-B945415733D6",9,31000,13000,0,0,0,44000,1
"9E1B1938-F37B-7E44-9E59-FF496486FC08",5,0,0,0,2083.33333333333,0,2083.33333333333,0
"9EE26F88-919E-584B-9277-5196F888D40D",4,0,0,0,0,0,0,0
"9F423F18-03BD-4E48-83F5-405B820E4BB1",7,55000,30000,0,0,0,85000,2
"9FD54A57-5B44-5F46-8208-2D78A6A9885C",13,152000,20000,0,1666.66666666667,1500,175166.666666667,7
"A075099B-8961-3745-BD37-B690FD2D3326",10,9000,100,0,1083.33333333333,0,10183.3333333333,0
"A09266D8-2641-3440-AADD-372E2FB2CE24",7,15000,2000,0,0,0,17000,14
"A0D0FD6C-0DE5-9F43-856D-26E8FAF12214",5,10000,1000,0,0,0,11000,0
"A1F11ADC-1F15-004D-9C77-7D4727969B88",5,15000,0,0,0,0,15000,2
"A26A5553-570B-DD44-AB8C-1C84C3A1C6F1",11,38000,0,0,500,0,38500,3
"A332F2BB-6D19-8640-A9BD-C95E82FA97FC",7,9000,0,0,0,0,9000,0
"A33E09B6-8CC2-764B-A11C-BAA0875B0563",4,17500,0,0,0,0,17500,1
"A4B3FE7C-DCAA-CB46-9FA0-F1721D0E2890",7,0,0,0,0,0,0,4
"A4BAB505-5F5D-424A-BF74-931EC99D3C8A",6,60000,28000,0,0,0,88000,2
"A59ED940-152A-F249-AACB-5F10A289D2F8",6,8000,6000,0,0,0,14000,5
"A59FE9D6-769D-0446-89A2-50F15D224BAE",15,27500,0,900,0,0,28400,0
"A5C1EEF2-7125-824D-8E63-5B78E264BE43",4,12000,0,0,0,0,12000,0
"A5DB5A6A-0A23-4544-B37E-EEF08D1DBD83",6,40000,10010,0,0,0,50010,2
"A63A45F3-0391-F544-9B7B-541CD042823B",6,55000,25000,100,1666.66666666667,0,81766.6666666667,3
"A6E725B4-CBBF-854B-A7D8-2DBA140EEAB1",8,440000,0,0,0,0,440000,4
"A7011AED-E598-AB49-91A8-D371688CCE06",8,16000,3000,500,1666.66666666667,0,21166.6666666667,8
"A72B2803-E6EE-8647-B0B9-EC91532775DE",5,13000,7000,0,0,0,20000,2
"A78BAB5B-6A86-D840-BF24-B2DD7354219E",11,0,30000,0,0,0,30000,11
"A7C8F3FB-A83C-E747-9636-F735DCA20869",10,44000,10000,0,0,0,54000,5
"A808FF32-B1A3-4840-A798-3EE6F049672B",6,0,0,0,0,0,0,2
"A8B3C476-3F40-8449-9183-54E1FE168B29",4,18000,0,0,0,0,18000,0
"A8C6A2B7-7985-DD4C-AC02-2CCE0C6BA6AB",5,0,30000,0,3333.33333333333,3000,36333.3333333333,2
"A8F92D65-58EC-EC43-95C4-140D9F28EA85",8,6000,2500,0,500,0,9000,2
"A95FC79D-92AF-D74C-ABAD-D5FC202EA55B",9,38000,0,0,2083.33333333333,0,40083.3333333333,2
"A9B055A0-305A-BF46-8BC2-5E4C58E9FD77",6,20000,11000,0,0,0,31000,3
"AB345045-1B6C-0442-B099-8825496BBAB7",7,0,7000,0,450,0,7450,11
"AC5D30A1-38FF-6742-AA9D-A35CE0CC7D47",10,5000,0,0,0,0,5000,4
"AC8CF075-A9CF-3E43-B6BC-837A215F3F69",6,7000,0,0,0,0,7000,0
"ACA78C6B-E06F-AE42-8F60-639850CB04DA",6,16000,0,0,0,750,16750,1
"ACF0BDCE-A8A0-1649-8898-C8CE58BA1419",7,0,2000,0,833.333333333333,0,2833.33333333333,4
"AD62F401-FFDE-0043-8B65-6191F1947A2D",7,14500,4000,0,0,0,18500,5
"AD6D4443-1993-DE46-BBC8-DACDDDEF08E2",18,80000,31500,0,1666.66666666667,0,113166.666666667,5
"AD834B5B-029D-3F42-96DB-824404CE3652",4,0,15000,0,0,4000,19000,2
"ADF94E28-6EC0-FC42-BDD7-99E239C6B757",6,10000,0,0,0,0,10000,0
"AE240130-90D1-054B-B27A-2BC870C2E6F9",5,1500,10000,0,0,0,11500,2
"AE5AFDB5-D906-FD49-ADD4-1071421146B0",6,65000,40000,0,3916.66666666667,0,108916.666666667,8
"AE670D44-E624-134F-BE62-327D3D51970C",11,37000,0,500,333.333333333333,0,37833.3333333333,7
"AEE7CF60-8481-CA49-8572-AAA69B8F74F3",4,0,0,1200,0,0,1200,0
"AEF96FAF-D2DD-E241-B8B9-79FF635F631E",8,0,5000,0,1666.66666666667,0,6666.66666666667,4
"B019DBE8-33AA-1F48-B9BE-7085D6C4FCE8",6,0,0,0,0,0,0,2
"B084B013-7278-D54C-9C08-219F6C3126F6",5,6000,0,2250,2500,0,10750,0
"B08FE5DE-59CF-C741-823E-387943CE405D",8,26500,2000,0,0,0,28500,0
"B0B2A925-4119-9144-A833-85C3A1E093F8",5,8000,0,0,833.333333333333,0,8833.33333333333,0
"B113C8A3-ADCC-D04B-B9E4-499D07656CC1",10,3000,15000,0,6083.33333333333,0,24083.3333333333,2
"B12A3ED9-70E3-454D-B242-42B09E88E8D7",12,10000,0,0,1666.66666666667,0,11666.6666666667,1
"B1353D8D-C311-8349-8AAF-16C1274BB162",8,10000,3000,0,833.333333333333,0,13833.3333333333,0
"B1562F05-25EC-D446-8DE4-11A6066457B0",11,0,0,0,0,0,0,13
"B15B770D-F774-F54B-AF1E-67EB7D3B8618",6,40000,0,0,5833.33333333333,0,45833.3333333333,2
"B19888AB-C89B-7346-AE69-3D8D57490529",6,20000,6000,0,0,0,26000,0
"B199DD90-4DB9-C449-BDCF-5A9675BF5587",5,15000,0,200,0,0,15200,1
"B1D806DC-A0C5-714F-BFA0-80AC90E17CBB",9,30000,14000,0,0,0,44000,5
"B240DCFF-F9B3-EE48-BD6C-E6ED3906D9A1",10,18000,4000,0,0,0,22000,3
"B2E0569F-ABC9-274A-8341-A88296023F59",3,0,0,0,0,0,0,1
"B2FE3FFC-1375-CF4D-B586-83A0E90E254D",7,22000,15000,0,0,0,37000,2
"B3D200AF-6CCA-8345-9366-1E6C6824E41F",9,31000,0,0,0,0,31000,1
"B4277DA0-661E-4646-9C0A-2CB2103A423A",8,1e+05,0,0,0,0,1e+05,2
"B4464795-1D18-2D46-BA11-5CBF40BA39C1",6,30000,0,0,0,0,30000,0
"B493160E-4F23-304B-92BE-41CB5C2F72F0",5,70000,10000,0,0,0,80000,7
"B5E6E374-B841-0442-8DDC-B7C7B9C60BCC",5,13300,0,200,0,0,13500,0
"B5ECFE69-BB36-BE40-9E21-8AE7D1E48F57",6,55500,6000,0,0,0,61500,2
"B667401A-267E-734D-B43E-866C1D352677",8,0,0,0,1250,0,1250,8
"B6F74D6F-BA48-D048-87FE-B9A11D77A6CE",12,0,50000,0,2500,0,52500,8
"B7761197-905E-AD44-B450-D6DDFB197F4E",8,25000,0,0,4250,0,29250,8
"B7EDFC91-9CA4-A640-922D-963B4416EDD3",6,8000,0,0,0,0,8000,0
"B878A7C2-A42C-4944-9EC0-306DE3E16B0B",7,9000,16000,0,0,0,25000,4
"B89E8CFD-0AB6-2044-8757-34F17349D9B1",10,18000,0,0,0,0,18000,3
"B8BC5825-A3CA-B24C-A979-FB0AC30999F2",6,18600,0,0,1666.66666666667,0,20266.6666666667,3
"B8CDF88D-0B2B-D34B-9460-5089494DC547",6,32500,22000,0,0,0,54500,2
"B8F014FE-EB8D-7044-A0F5-6C4466198985",7,0,3500,500,0,0,4000,2
"B96F18F0-7458-BF45-B163-81161646465C",4,20000,0,0,0,0,20000,1
"B99FE64A-9522-654C-BFC9-F976B5046322",10,13200,2000,0,0,0,15200,15
"B9F32261-561A-BA46-9932-3EFBFBD51E7C",5,30000,15000,0,0,0,45000,1
"BA0987F4-71E6-B04D-B673-6F7601F761ED",20,38000,500,0,1666.66666666667,0,40166.6666666667,10
"BA374D57-D5E1-D242-A894-AA9EC159FD06",13,1500,1000,8700,0,0,11200,7
"BA49363B-2AEA-AE4E-B278-27F1E6657220",5,7500,0,0,0,0,7500,0
"BA5B1668-3A2D-D74C-A7E8-E65D4E454240",9,23000,0,0,3333.33333333333,0,26333.3333333333,4
"BAC042BD-C9C8-C048-B2B7-8D2DA8C71D0C",8,50000,5000,0,0,0,55000,3
"BB020C6E-DB01-004E-A0F8-747A63A82224",6,20000,10000,0,1833.33333333333,0,31833.3333333333,2
"BB40EFEB-F25B-2A44-A9D1-167F06C602DE",5,30000,20000,0,0,0,50000,0
"BBBBA43D-8646-1349-9147-F32F3759FFCC",9,15000,0,0,0,0,15000,8
"BBF73150-E714-9448-A5EE-B0C226E7E0A9",10,29500,5000,1500,0,0,36000,2
"BC3D2353-C44C-5442-849D-3A9105FCFC4C",5,15000,1000,0,0,0,16000,2
"BC782E66-12FD-9846-BA51-CE965F423BFC",5,25800,20000,0,0,0,45800,1
"BC88D5E3-37A4-9049-8494-7F9DDD614E56",6,10000,0,0,0,0,10000,1
"BCC2EA42-2A0F-5046-8C40-333D8D75E852",7,33000,20000,0,0,0,53000,2
"BD1689AF-82BF-DC4E-8FDB-4B2B4D40A4E5",4,12000,0,300,0,0,12300,0
"BD2759D1-B0D8-1849-BF22-D45A2DCD363B",4,0,5000,1500,0,0,6500,2
"BD2FE531-5F22-8B4F-9DC2-24F3033AB253",6,0,20000,0,0,0,20000,1
"BD55C783-065F-CD49-B6D8-88588F55371F",12,78000,0,32000,0,0,110000,5
"BD588C02-496F-4C46-9145-0218DE3DEDA4",5,14000,10000,0,0,0,24000,1
"BE1573C2-9C63-754E-A35D-203F8265236A",4,16200,4000,100,0,0,20300,2
"BE8859E9-2C57-A442-BECB-7486772BB385",7,7000,0,0,0,0,7000,5
"BEA9C478-A21E-9F45-A68D-7CFE5CBECA8B",8,14000,10000,500,0,0,24500,7
"BEB86A71-8346-0C43-B59C-9F5A27F53751",6,20000,0,0,4000,0,24000,1
"BEC0D054-D5D4-8142-B8B8-94AD3644473C",5,5000,4000,100,0,0,9100,1
"BEF9B56F-3F83-4B15-A257-ACFA550F1CFA",4,5500,0,0,700,0,6200,0
"BEFF1D24-0B35-F041-8CBE-F13990D07666",5,3000,0,0,1250,0,4250,4
"C04B2D66-E65F-E94E-8A5F-20CA6FEE6BD0",4,30000,10000,0,0,0,40000,2
"C070D61F-952F-8947-94D3-BF49E0F0453A",6,35000,0,0,1666.66666666667,0,36666.6666666667,3
"C12FCA28-CCD1-8641-88D0-1656B8359D2A",5,15000,0,0,0,0,15000,0
"C13B5B23-E531-B04D-9381-FE569DF07705",10,18000,5000,500,1666.66666666667,0,25166.6666666667,4
"C1B302D0-BF32-C14E-B439-18AA3721956D",5,5100,0,500,0,0,5600,0
"C1C9E27C-4525-E943-8B09-88B531312FCD",9,0,0,0,2250,0,2250,2
"C2569306-A804-6C44-85D5-01EF0E2EA49C",9,90000,15000,0,0,0,105000,1
"C2E25F97-4676-A441-8F91-88960E3D7794",5,10500,0,0,0,0,10500,0
"C30B3941-E3EB-5942-89B8-E744960C42AE",7,17000,0,0,0,0,17000,0
"C31FA632-6E04-F34B-9AF1-E4341A58D66A",15,10000,0,0,1000,6000,17000,0
"C43C8F47-2561-464D-8472-4E939C196ED5",5,20000,0,0,2500,0,22500,2
"C43DA728-9272-6E4F-9815-AE734AFE795F",5,20000,10000,0,6000,0,36000,4
"C4EA5DE8-9917-FC48-97BD-349155DFDE75",10,22000,0,0,0,0,22000,6
"C541643F-6D08-7448-9401-6230A8B307CF",9,56500,20000,0,0,0,76500,2
"C63E1719-467B-E049-BBB8-F2BDC79FF5AF",17,30000,0,500,0,0,30500,0
"C681BD0A-FE4D-504D-BFD0-554BF94E1080",6,35000,7000,0,0,0,42000,4
"C6968946-B365-6540-812F-2891B7BED2CB",4,10000,0,100,0,0,10100,2
"C7085C8D-7BD6-E04E-9E76-AB52EB9A7C0E",5,12000,0,0,0,0,12000,0
"C71F0AC1-B5E9-3748-A38F-C4453A39D8F3",5,12000,6000,0,7083.33333333333,0,25083.3333333333,3
"C778678F-BBAE-F646-B154-84D4B905D441",5,8000,0,0,416.666666666667,0,8416.66666666667,0
"C790FCA3-D1A1-3F4E-912A-94BC7EAB5B08",6,0,6000,0,416.666666666667,0,6416.66666666667,2
"C815A47F-5DC0-8541-8A1B-50C176114397",11,28,0,300,0,0,328,9
"C84C923D-BB6C-F743-87EF-9EF75788F00A",5,0,7000,0,0,0,7000,1
"C8AAB9FA-2E32-6C4D-8CBA-C5A70611970C",6,13000,3000,0,0,0,16000,8
"C8BD865D-BD40-BC48-8BF3-F85E5ABD96A7",11,0,95000,0,3333.33333333333,0,98333.3333333333,11
"C8DF9521-5A7A-6741-AA56-0CCFFB168B3A",5,9000,0,0,0,0,9000,2
"C9E54385-3C6D-F44C-88C9-9D993B66C108",6,20000,0,0,2500,0,22500,1
"CA5C5732-FCDF-A640-BDCA-4C47BD3D5BD9",4,40000,20000,0,0,0,60000,3
"CA82416A-5208-5E4C-B96A-18A73AA69C4C",6,18000,0,400,0,0,18400,0
"CAAC76EC-72B2-9B4E-99C3-1F81CF4E45BF",6,0,0,0,0,0,0,0
"CB107FFF-CDAB-8D4E-9182-F9965C1AD60B",5,10000,0,100,1250,0,11350,2
"CB412C25-D1D8-F84C-AFBD-49989211FEDE",5,0,5000,0,0,0,5000,0
"CBF79CBE-2489-7F4B-B613-71EBD929038F",5,30000,20000,0,0,0,50000,0
"CC1C8AFD-F951-9B44-9517-7E746CEC2D1F",7,13000,0,250,1666.66666666667,0,14916.6666666667,2
"CC2953E3-835B-6C43-BEA6-D09990BFCD98",4,20500,0,250,0,0,20750,0
"CC6E201B-EB90-2046-9D72-92CF0A3AD592",10,36000,20000,0,500,0,56500,1
"CCE88ADD-BA5A-534B-9612-F8122E5B60FF",12,10000,10000,0,0,0,20000,8
"CCF2BC49-75F4-DA41-8436-2358693A0210",10,0,28000,0,0,0,28000,9
"CDAED867-D338-2D49-9CBE-D2F3EAEBC4BC",7,40000,12000,0,375,0,52375,2
"CDE3185C-8802-2541-A509-BB04EF2DB041",9,6000,30000,6000,0,0,42000,8
"CE2D9202-F6F2-5B45-AB6D-3C2CC81F55EE",4,50000,15000,0,0,0,65000,1
"CF0D4D94-BBF2-6247-B956-75FB3C0B98F4",10,30000,11000,5000,0,0,46000,4
"CFA65A3E-AA7A-684D-BD49-2F39B999293A",9,20000,10000,0,500,0,30500,4
"CFC035EA-2AE8-7D42-A3DE-0405F85DC238",4,40000,0,0,0,0,40000,1
"CFDC2F96-82EC-CA44-A302-71C1F3D272E4",7,12000,2000,0,0,0,14000,0
"CFE86EAE-7821-0944-8F45-504F87E5BF93",9,30000,25000,0,0,0,55000,5
"D075EE3B-A8AA-7445-8347-3766AF49945B",6,7600,0,0,0,0,7600,4
"D0D71016-F762-0B46-A63B-C8FE241C4BA1",11,21000,27000,0,0,0,48000,5
"D202834F-3954-BA4A-84FA-DBB0317AC233",6,8000,0,0,0,0,8000,1
"D2FB18BC-05B9-D94D-9AF7-7059715CA183",11,85000,40000,0,416.666666666667,0,125416.666666667,7
"D301D7FB-40D5-F642-A8BD-47F8237BE522",7,8000,0,0,1083.33333333333,0,9083.33333333333,1
"D3B4BE9C-0105-364F-8B89-559873B19631",10,10000,500,0,0,0,10500,0
"D451A8F0-4AE4-B04E-81F3-1887872EA078",6,6000,0,0,0,0,6000,0
"D462DFD8-91C5-2041-8B2F-76C645C39EE8",6,0,0,0,0,0,0,0
"D484D471-561A-2544-8D7C-705C4BB80A97",8,20000,0,0,0,0,20000,0
"D4DE17A8-F61C-9549-AC9D-21C082E283F2",6,25000,6000,0,4166.66666666667,0,35166.6666666667,2
"D59472FB-0472-B34A-81AB-E8A06D62D3E0",6,10000,4000,0,0,0,14000,6
"D6F533BF-3E84-B54C-9065-4FFB67537F52",7,0,0,0,0,0,0,1
"D762226F-85F6-D449-9788-42F268E3C112",12,15000,0,0,0,0,15000,0
"D7B9129A-C33A-9345-B952-184C78B0DFB8",15,36000,20000,0,0,0,56000,0
"D8018E0D-5D94-3F4F-A9B6-2B00AD854471",7,4500,0,600,2916.66666666667,0,8016.66666666667,0
"D82177E2-13AC-5343-8186-00E6277A60C4",5,5000,0,0,0,0,5000,1
"D88FEA55-0309-3D47-A6C9-C48D4F921A95",7,102000,1000,0,3333.33333333333,0,106333.333333333,5
"D9C978CF-F980-294C-B086-927B3E7FD1F0",6,40000,9000,0,0,0,49000,2
"D9E7D07D-6B09-314A-A3B1-092D2C66CC3D",7,36500,16000,0,0,0,52500,8
"DA0D151D-C089-7F43-BC18-739E6411E582",6,10000,0,0,0,0,10000,0
"DA98917F-C7A6-324B-88CB-0296B46D2AD5",5,0,17000,0,0,0,17000,4
"DB2ACA51-4527-9E46-B092-9E833528AD2E",7,23600,4000,0,0,0,27600,5
"DBB6E36E-108D-B849-8D4F-24AF731804C8",14,0,16000,0,6500,0,22500,6
"DBD7CFCF-20AF-864A-B197-79DF1B67842B",7,10000,5000,0,5000,0,20000,4
"DBE11E3B-973B-3C43-BAB5-67DD44D3A978",11,0,0,0,0,0,0,0
"DCB74599-02A7-1945-9006-7A658CB27678",4,15000,0,0,0,7500,22500,0
"DD14D811-3BFD-EC4E-AB23-EB7655387AD6",8,12000,0,0,0,0,12000,4
"DD8685F5-A845-324A-A144-52A3F78E964E",10,7000,10000,9000,1250,0,27250,11
"DD911CE4-C7E1-F54B-A763-24CE22713041",8,43000,10000,0,0,0,53000,0
"DD9C0AAB-ED00-614D-AB9D-F3B717750C8D",7,15000,15000,0,0,0,30000,1
"DDCB6DBB-0CBD-6D48-BC3E-5BA4617BE50E",6,4000,0,0,750,0,4750,1
"DDE3A703-5BD3-7346-9A8C-3AC97067BF6B",6,11000,2000,0,0,0,13000,2
"DEDD0ACF-FBEB-4834-8F1E-A47A0D408F74",11,0,14000,0,0,0,14000,6
"DF02BA3F-D9FB-614E-AAB5-BA3F8AC2927E",15,12000,0,4500,0,0,16500,2
"DF1946C9-118C-094B-B994-3B6BFBAB108B",5,60000,10000,0,0,0,70000,2
"DF56AEF7-644F-0246-9740-5A38E3929C99",7,18000,13000,0,0,0,31000,1
"DF880D61-8530-D14F-B1F3-DF7909D1CFA4",9,0,7000,0,1000,0,8000,10
"DF98E86D-AAEF-0E45-89CB-F1C706B1C3DF",5,25000,0,0,0,0,25000,1
"E0C1EE54-1A53-2742-8FE1-6D7FD4B49592",13,13000,0,0,0,0,13000,11
"E111BFFA-C935-194A-8447-5C97649F8F59",12,30000,0,500,1666.66666666667,0,32166.6666666667,10
"E17C9F1E-FCEC-A64A-91CF-1DBFFF10AD15",6,20000,10000,0,0,0,30000,0
"E29063E0-D420-824D-86C1-BA8C65E27A26",11,3600,0,0,483.333333333333,0,4083.33333333333,2
"E2970A86-C64B-BF41-8F23-D59BEB3F67DC",8,15000,0,300,500,0,15800,0
"E2C6E62B-4B2D-EC42-82D5-F56A4F9AAF8A",8,29000,22000,0,0,0,51000,0
"E2E699BC-AFE0-514C-91D8-C4F7E4E14321",13,6000,55000,5500,500,0,67000,4
"E31B6D58-ACED-E448-A990-6EFDB450665C",23,35000,5000,600,1666.66666666667,0,42266.6666666667,0
"E3570A39-C174-9F41-86D5-BC0CE1A044B4",12,75000,16006,0,166.666666666667,0,91172.6666666667,2
"E382D574-66EA-2247-A705-D70A100C1D52",7,15000,0,0,833.333333333333,0,15833.3333333333,4
"E41A1294-3573-8043-A245-3EBD96C54EA8",8,95000,70000,0,416.666666666667,0,165416.666666667,5
"E4616A0C-07DF-5D40-8AD7-BC184D7FCAD6",12,15000,0,0,3333.33333333333,0,18333.3333333333,2
"E46261EB-7925-D54F-9677-ABC00599C11B",11,26000,3000,0,0,0,29000,4
"E47FCE84-3C12-214A-A75A-6B9E918450D6",11,0,40000,0,1666.66666666667,0,41666.6666666667,7
"E498F093-ECF2-4C43-9795-62E3E3AD2EBE",11,15000,0,300,416.666666666667,0,15716.6666666667,0
"E4E9F3EF-6D0B-7344-8434-A95F2D6EBD7B",6,15000,0,0,2500,0,17500,1
"E5177590-08EF-474B-AF38-36D304087146",15,18000,1e+05,0,0,0,118000,6
"E53C1B35-94FB-3645-B0D5-0308F278E077",13,55000,0,0,0,0,55000,0
"E59AB20A-8632-BF4E-AEC3-30217351DDAA",9,25500,15000,0,0,0,40500,7
"E62F1B51-2904-2148-BC4E-F55A2AC7D720",9,40000,0,0,0,0,40000,4
"E63C63C4-7B16-7F41-94C4-3DA0EF8B8251",9,0,1000,0,0,0,1000,3
"E6E7F590-F9EF-F74D-A2E3-0022E4C587E4",4,0,9000,0,0,0,9000,2
"E7D7D798-056B-2F4B-828F-1D5DBE8CAA6F",6,5000,0,0,1333.33333333333,20000,26333.3333333333,2
"E871410A-B54E-3447-94A5-CA647240B778",8,27000,1000,0,833.333333333333,0,28833.3333333333,5
"E995A89A-88BB-F440-B7B8-8167B4E9737C",5,20000,0,0,0,0,20000,0
"E9B3F6C5-19CB-644E-8B75-5DFEF3C83D56",7,22000,70000,0,1666.66666666667,0,93666.6666666667,7
"EA18F3A4-C16A-F045-B5F2-A9EF410051EC",7,0,0,0,583.333333333333,0,583.333333333333,3
"EAB519E1-945D-0E46-8DED-A6A7F68B3CC9",4,10000,2500,0,0,0,12500,2
"EB30F8CF-2D2F-6340-A2BF-5C6FD7724467",14,12070,0,0,4.16666666666667,0,12074.1666666667,2
"EB7F95E5-CFEA-F346-BC30-22F9A228837F",10,86000,15000,0,0,15000,116000,7
"EBF3D11A-5C77-224E-AB5F-B57125545658",8,42000,20000,0,0,0,62000,1
"ECD5D559-E907-7843-9625-8AFE46ECE50B",12,35000,25000,0,0,0,60000,2
"ED522F37-A3EE-AE46-A377-9BDC3C3D09AE",6,36600,0,0,0,0,36600,1
"ED9127CA-08BD-0C4A-9388-5A3E23A32DED",14,2000,0,0,0,0,2000,0
"EDE7D047-0B79-AA47-ABC5-2751B6FB2787",6,0,20000,0,416.666666666667,0,20416.6666666667,5
"EDFFFF1C-AF0A-644F-AAEC-74D4A20D1CBB",5,0,0,0,0,0,0,0
"EF480991-C399-8445-B7AB-25E0726F8CC6",5,35000,20000,0,0,0,55000,2
"EF902950-F883-F54D-A2AF-E70AD9091960",8,8000,0,0,0,0,8000,2
"EFF27C6B-AFF8-FF43-B106-C6EA354F4972",5,10000,0,0,0,0,10000,0
"F032DE74-0C3C-044C-A353-6BC53FF9CA5C",8,55000,1000,0,0,0,56000,1
"F061797E-2870-5F4F-B9FB-3C3FA0C8F7E4",4,11000,0,3000,0,0,14000,0
"F162E4D9-ADDD-9745-9F39-E0EB75E55056",13,33000,0,0,0,0,33000,2
"F17A9EB6-3CCF-7743-BE7A-E6C5AC743153",3,26000,0,0,0,0,26000,1
"F180C27A-F3BD-E44D-9C72-D6AF765E8344",12,22000,15000,0,0,0,37000,1
"F1B708BF-EAA2-FA4B-8E53-EB670CA33A0E",5,0,0,0,0,0,0,5
"F2DF867B-E779-E14F-90D4-90E42DFCB59E",5,40000,16000,0,0,0,56000,2
"F3152815-89F1-1748-A6B6-941B98CC5142",10,18000,0,0,0,0,18000,2
"F31CD4B6-4F38-A54E-84DE-CC6EA4D30FC2",15,70000,50000,0,0,20000,140000,2
"F3BD44BE-C3B7-ED4C-A47F-0BC4B18FEC04",6,17000,0,0,0,0,17000,0
"F4727C18-D0BB-8046-88B8-FC28ECF94DBA",6,25000,9000,0,0,0,34000,6
"F4AFDE6E-CAD9-1A41-B13C-2A4FCEFFDD95",7,9000,0,0,4583.33333333333,0,13583.3333333333,2
"F4BED425-3B17-FD42-9898-C19A66023625",8,0,0,0,0,0,0,0
"F4C4A68C-159E-4F41-96FC-25CE7950B320",10,70000,80000,0,0,0,150000,9
"F4E28B69-06C7-1F49-A8E6-568A4A2C78D4",5,11000,2000,0,0,0,13000,2
"F59D7158-7295-1441-9F86-428D5E91819B",14,37000,0,8000,0,0,45000,0
"F5C89C17-E47E-AF4E-8076-5020AE5E4E6A",8,7000,4000,0,0,0,11000,5
"F5CD750A-ABD3-5141-8A47-5432CA3988BE",4,25000,25000,0,10000,0,60000,1
"F677CD32-3300-644F-8085-6FB482E47F6B",6,3000,12000,0,4166.66666666667,0,19166.6666666667,0
"F6B73CD0-903C-44D7-B025-D545784401ED",13,6000,0,0,0,0,6000,0
"F6D35733-631A-2A4D-8FF6-668A751BD0F5",4,7000,0,0,666.666666666667,0,7666.66666666667,1
"F7736B09-7EF4-C54B-B0D0-39C6415B63F1",17,12000,0,500,0,0,12500,1
"F79BF16B-F1AE-1648-B2F2-18AAADD3299E",7,8000,0,1000,0,0,9000,4
"F82F1425-569C-F742-BD91-B4CDE7AE76A0",6,0,0,0,0,0,0,1
"F8A29A11-51E3-4141-9E02-AB78351DF62E",13,13100,35000,0,0,0,48100,7
"F9232445-BB33-824A-8EEA-58F6250E97C8",15,140000,0,0,0,0,140000,2
"F9AC666D-95C9-7443-87A9-AB961D017CCD",5,22000,500,0,0,0,22500,1
"FA62D13C-40FB-A447-B511-3DE031BB24EA",6,17000,0,0,0,0,17000,0
"FABD7933-CEDA-B24A-88D8-393050252BE1",8,25000,0,0,0,5000,30000,1
"FAD8E372-CFC5-E148-8328-9AF37BE3094C",11,40000,20000,1500,1666.66666666667,0,63166.6666666667,2
"FB254119-ECA8-E848-8818-00AC6F188E3C",5,7000,0,100,833.333333333333,0,7933.33333333333,1
"FB550451-6D2C-4F42-AB9A-FDC2783E4B11",3,22000,0,0,0,0,22000,1
"FB857842-70CD-BF45-AE6D-822F6385A519",10,3000,20000,0,0,0,23000,12
"FB9B4E39-C910-AD42-81CC-0EABBF9F551B",5,12100,0,250,6000,0,18350,0
"FBF49C7A-F8AD-3C42-BE5C-4BE8B2989A85",3,9000,0,0,7500,0,16500,0
"FC087CAB-6FFE-804B-9976-D62497A79EA9",8,2500,0,0,1333.33333333333,0,3833.33333333333,6
"FC1DCE36-9E42-D745-81B6-1FC25990432F",10,10000,0,1100,125,0,11225,5
"FC9F4B30-D924-B34B-B0F4-41C55D1C19F7",9,3500,30000,0,0,0,33500,2
"FCAB103E-1F51-8C4E-8190-232B4C5F14C0",4,0,0,500,0,0,500,0
"FCCF0D55-A0C3-DC4F-9551-08F0EAF286BB",9,16800,0,0,0,0,16800,7
"FD0873CF-BE2D-BA4E-98DE-0DE22CC9E050",4,0,2000,100,250,0,2350,0
"FD11A343-7840-3A4A-B66C-86DDF994E93E",7,20000,0,7000,1250,0,28250,9
"FD9AA440-FEBA-1449-BAA1-1F03C3DF5721",8,10000,20000,0,0,0,30000,1
"FDDED98B-852C-BE47-A877-1792F85531E2",7,81000,0,0,2916.66666666667,0,83916.6666666667,6
"FF25096B-F79F-684F-A224-01D9485B6E3A",4,70000,5000,0,0,0,75000,1
"FF87571A-E78F-F34A-AD93-A18B1DA44AA2",13,0,3000,0,0,0,3000,10
